reference_month,release_date,unemployment_rate_sa_pct,source_url,archive_format
2018-12,2019-01-24,5.0,https://www.abs.gov.au/AUSSTATS/abs%40.nsf/Lookup/6202.0Main%20Features1Dec%202018,legacy_AUSSTATS
2019-12,2020-01-23,5.1,https://www.abs.gov.au/statistics/labour/employment-and-unemployment/labour-force-australia/dec-2019,modern
2020-01,2020-02-20,5.3,https://www.abs.gov.au/statistics/labour/employment-and-unemployment/labour-force-australia/jan-2020,modern
2020-02,2020-03-19,5.1,https://www.abs.gov.au/statistics/labour/employment-and-unemployment/labour-force-australia/feb-2020,modern
2020-03,2020-04-16,5.2,https://www.abs.gov.au/statistics/labour/employment-and-unemployment/labour-force-australia/mar-2020,modern
2020-04,2020-05-14,6.2,https://www.abs.gov.au/statistics/labour/employment-and-unemployment/labour-force-australia/apr-2020,modern
2020-05,2020-06-18,7.1,https://www.abs.gov.au/statistics/labour/employment-and-unemployment/labour-force-australia/may-2020,modern
2020-06,2020-07-16,7.4,https://www.abs.gov.au/statistics/labour/employment-and-unemployment/labour-force-australia/jun-2020,modern
2020-07,2020-08-13,7.5,https://www.abs.gov.au/statistics/labour/employment-and-unemployment/labour-force-australia/jul-2020,modern
2020-08,2020-09-17,6.8,https://www.abs.gov.au/statistics/labour/employment-and-unemployment/labour-force-australia/aug-2020,modern
2020-09,2020-10-15,6.9,https://www.abs.gov.au/statistics/labour/employment-and-unemployment/labour-force-australia/sep-2020,modern
2020-10,2020-11-19,7.0,https://www.abs.gov.au/statistics/labour/employment-and-unemployment/labour-force-australia/oct-2020,modern
2020-11,2020-12-17,6.8,https://www.abs.gov.au/statistics/labour/employment-and-unemployment/labour-force-australia/nov-2020,modern
2020-12,2021-01-21,6.6,https://www.abs.gov.au/statistics/labour/employment-and-unemployment/labour-force-australia/dec-2020,modern
2021-01,2021-02-18,6.4,https://www.abs.gov.au/statistics/labour/employment-and-unemployment/labour-force-australia/jan-2021,modern
2021-02,2021-03-18,5.8,https://www.abs.gov.au/statistics/labour/employment-and-unemployment/labour-force-australia/feb-2021,modern
2021-03,2021-04-15,5.6,https://www.abs.gov.au/statistics/labour/employment-and-unemployment/labour-force-australia/mar-2021,modern
2021-04,2021-05-20,5.5,https://www.abs.gov.au/statistics/labour/employment-and-unemployment/labour-force-australia/apr-2021,modern
2021-05,2021-06-17,5.1,https://www.abs.gov.au/statistics/labour/employment-and-unemployment/labour-force-australia/may-2021,modern
2021-06,2021-07-15,4.9,https://www.abs.gov.au/statistics/labour/employment-and-unemployment/labour-force-australia/jun-2021,modern
2021-07,2021-08-19,4.6,https://www.abs.gov.au/statistics/labour/employment-and-unemployment/labour-force-australia/jul-2021,modern
2021-08,2021-09-16,4.5,https://www.abs.gov.au/statistics/labour/employment-and-unemployment/labour-force-australia/aug-2021,modern
2021-09,2021-10-14,4.6,https://www.abs.gov.au/statistics/labour/employment-and-unemployment/labour-force-australia/sep-2021,modern
2021-10,2021-11-11,5.2,https://www.abs.gov.au/statistics/labour/employment-and-unemployment/labour-force-australia/oct-2021,modern
2021-11,2021-12-16,4.6,https://www.abs.gov.au/statistics/labour/employment-and-unemployment/labour-force-australia/nov-2021,modern
2021-12,2022-01-20,4.2,https://www.abs.gov.au/statistics/labour/employment-and-unemployment/labour-force-australia/dec-2021,modern
2022-01,2022-02-17,4.2,https://www.abs.gov.au/statistics/labour/employment-and-unemployment/labour-force-australia/jan-2022,modern
2022-02,2022-03-17,4.0,https://www.abs.gov.au/statistics/labour/employment-and-unemployment/labour-force-australia/feb-2022,modern
2022-03,2022-04-14,4.0,https://www.abs.gov.au/statistics/labour/employment-and-unemployment/labour-force-australia/mar-2022,modern
2022-04,2022-05-19,3.9,https://www.abs.gov.au/statistics/labour/employment-and-unemployment/labour-force-australia/apr-2022,modern
2022-05,2022-06-16,3.9,https://www.abs.gov.au/statistics/labour/employment-and-unemployment/labour-force-australia/may-2022,modern
2022-06,2022-07-14,3.5,https://www.abs.gov.au/statistics/labour/employment-and-unemployment/labour-force-australia/jun-2022,modern
2022-07,2022-08-18,3.4,https://www.abs.gov.au/statistics/labour/employment-and-unemployment/labour-force-australia/jul-2022,modern
2022-08,2022-09-15,3.5,https://www.abs.gov.au/statistics/labour/employment-and-unemployment/labour-force-australia/aug-2022,modern
2022-09,2022-10-20,3.5,https://www.abs.gov.au/statistics/labour/employment-and-unemployment/labour-force-australia/sep-2022,modern
2022-10,2022-11-17,3.4,https://www.abs.gov.au/statistics/labour/employment-and-unemployment/labour-force-australia/oct-2022,modern
2022-11,2022-12-15,3.4,https://www.abs.gov.au/statistics/labour/employment-and-unemployment/labour-force-australia/nov-2022,modern
2022-12,2023-01-19,3.5,https://www.abs.gov.au/statistics/labour/employment-and-unemployment/labour-force-australia/dec-2022,modern
2023-01,2023-02-16,3.7,https://www.abs.gov.au/statistics/labour/employment-and-unemployment/labour-force-australia/jan-2023,modern
2023-02,2023-03-16,3.5,https://www.abs.gov.au/statistics/labour/employment-and-unemployment/labour-force-australia/feb-2023,modern
2023-03,2023-04-13,3.5,https://www.abs.gov.au/statistics/labour/employment-and-unemployment/labour-force-australia/mar-2023,modern
2023-04,2023-05-18,3.7,https://www.abs.gov.au/statistics/labour/employment-and-unemployment/labour-force-australia/apr-2023,modern
2023-05,2023-06-15,3.6,https://www.abs.gov.au/statistics/labour/employment-and-unemployment/labour-force-australia/may-2023,modern
2023-06,2023-07-20,3.5,https://www.abs.gov.au/statistics/labour/employment-and-unemployment/labour-force-australia/jun-2023,modern
2023-07,2023-08-17,3.7,https://www.abs.gov.au/statistics/labour/employment-and-unemployment/labour-force-australia/jul-2023,modern
2023-08,2023-09-14,3.7,https://www.abs.gov.au/statistics/labour/employment-and-unemployment/labour-force-australia/aug-2023,modern
2023-09,2023-10-19,3.6,https://www.abs.gov.au/statistics/labour/employment-and-unemployment/labour-force-australia/sep-2023,modern
2023-10,2023-11-16,3.7,https://www.abs.gov.au/statistics/labour/employment-and-unemployment/labour-force-australia/oct-2023,modern
2023-11,2023-12-14,3.9,https://www.abs.gov.au/statistics/labour/employment-and-unemployment/labour-force-australia/nov-2023,modern
2023-12,2024-01-18,3.9,https://www.abs.gov.au/statistics/labour/employment-and-unemployment/labour-force-australia/dec-2023,modern
2024-01,2024-02-15,4.1,https://www.abs.gov.au/statistics/labour/employment-and-unemployment/labour-force-australia/jan-2024,modern
2024-02,2024-03-21,3.7,https://www.abs.gov.au/statistics/labour/employment-and-unemployment/labour-force-australia/feb-2024,modern
2024-03,2024-04-18,3.8,https://www.abs.gov.au/statistics/labour/employment-and-unemployment/labour-force-australia/mar-2024,modern
2024-04,2024-05-16,4.1,https://www.abs.gov.au/statistics/labour/employment-and-unemployment/labour-force-australia/apr-2024,modern
2024-05,2024-06-13,4.0,https://www.abs.gov.au/statistics/labour/employment-and-unemployment/labour-force-australia/may-2024,modern
2024-06,2024-07-18,4.1,https://www.abs.gov.au/statistics/labour/employment-and-unemployment/labour-force-australia/jun-2024,modern
2024-07,2024-08-15,4.2,https://www.abs.gov.au/statistics/labour/employment-and-unemployment/labour-force-australia/jul-2024,modern
2024-08,2024-09-19,4.2,https://www.abs.gov.au/statistics/labour/employment-and-unemployment/labour-force-australia/aug-2024,modern
2024-09,2024-10-17,4.1,https://www.abs.gov.au/statistics/labour/employment-and-unemployment/labour-force-australia/sep-2024,modern
2024-10,2024-11-14,4.1,https://www.abs.gov.au/statistics/labour/employment-and-unemployment/labour-force-australia/oct-2024,modern
2024-11,2024-12-12,3.9,https://www.abs.gov.au/statistics/labour/employment-and-unemployment/labour-force-australia/nov-2024,modern
2024-12,2025-01-16,4.0,https://www.abs.gov.au/statistics/labour/employment-and-unemployment/labour-force-australia/dec-2024,modern
2025-01,2025-02-20,4.1,https://www.abs.gov.au/statistics/labour/employment-and-unemployment/labour-force-australia/jan-2025,modern
2025-02,2025-03-20,4.1,https://www.abs.gov.au/statistics/labour/employment-and-unemployment/labour-force-australia/feb-2025,modern
2025-03,2025-04-17,4.1,https://www.abs.gov.au/statistics/labour/employment-and-unemployment/labour-force-australia/mar-2025,modern
2025-04,2025-05-15,4.1,https://www.abs.gov.au/statistics/labour/employment-and-unemployment/labour-force-australia/apr-2025,modern
2025-05,2025-06-19,4.1,https://www.abs.gov.au/statistics/labour/employment-and-unemployment/labour-force-australia/may-2025,modern
2025-06,2025-07-17,4.3,https://www.abs.gov.au/statistics/labour/employment-and-unemployment/labour-force-australia/jun-2025,modern
2025-07,2025-08-14,4.2,https://www.abs.gov.au/statistics/labour/employment-and-unemployment/labour-force-australia/jul-2025,modern
2025-08,2025-09-18,4.2,https://www.abs.gov.au/statistics/labour/employment-and-unemployment/labour-force-australia/aug-2025,modern
2025-09,2025-10-16,4.5,https://www.abs.gov.au/statistics/labour/employment-and-unemployment/labour-force-australia/sep-2025,modern
2025-10,2025-11-13,4.3,https://www.abs.gov.au/statistics/labour/employment-and-unemployment/labour-force-australia/oct-2025,modern
2025-11,2025-12-11,4.3,https://www.abs.gov.au/statistics/labour/employment-and-unemployment/labour-force-australia/nov-2025,modern
2025-12,2026-01-22,4.1,https://www.abs.gov.au/statistics/labour/employment-and-unemployment/labour-force-australia/dec-2025,modern
2026-01,2026-02-19,4.1,https://www.abs.gov.au/statistics/labour/employment-and-unemployment/labour-force-australia/jan-2026,modern
2026-02,2026-03-19,4.3,https://www.abs.gov.au/statistics/labour/employment-and-unemployment/labour-force-australia/feb-2026,modern
2026-03,2026-04-16,4.3,https://www.abs.gov.au/statistics/labour/employment-and-unemployment/labour-force-australia/mar-2026,modern
2026-04,2026-05-21,4.5,https://www.abs.gov.au/statistics/labour/employment-and-unemployment/labour-force-australia/apr-2026,modern
2026-05,2026-06-25,4.4,https://www.abs.gov.au/statistics/labour/employment-and-unemployment/labour-force-australia/may-2026,modern
2026-06,2026-07-23,4.4,https://www.abs.gov.au/statistics/labour/employment-and-unemployment/labour-force-australia/jun-2026,modern
2026-07,2026-08-20,4.5,https://www.abs.gov.au/statistics/labour/employment-and-unemployment/labour-force-australia/jul-2026,modern
2026-08,2026-09-24,4.6,https://www.abs.gov.au/statistics/labour/employment-and-unemployment/labour-force-australia/aug-2026,modern
