date,aud_govt_2y_pct
2018-01-02,2.007
2018-01-03,2.003
2018-01-04,1.968
2018-01-05,1.905
2018-01-08,1.921
2018-01-09,1.944
2018-01-10,1.954
2018-01-11,1.974
2018-01-12,1.96
2018-01-15,1.976
2018-01-16,1.991
2018-01-17,2.0
2018-01-18,1.989
2018-01-19,2.021
2018-01-22,2.018
2018-01-23,2.004
2018-01-24,2.002
2018-01-25,2.001
2018-01-29,2.012
2018-01-30,2.019
2018-01-31,1.963
2018-02-01,1.941
2018-02-02,1.947
2018-02-05,1.999
2018-02-06,1.956
2018-02-07,1.937
2018-02-08,1.957
2018-02-09,1.926
2018-02-12,1.952
2018-02-13,1.945
2018-02-14,1.948
2018-02-15,1.967
2018-02-16,1.983
2018-02-19,1.985
2018-02-20,2.006
2018-02-21,1.977
2018-02-22,1.969
2018-02-23,1.946
2018-02-26,1.929
2018-02-27,1.926
2018-02-28,1.97
2018-03-01,1.953
2018-03-02,1.94
2018-03-05,1.947
2018-03-06,1.986
2018-03-07,1.968
2018-03-08,1.971
2018-03-09,1.985
2018-03-12,2.014
2018-03-13,2.011
2018-03-14,1.974
2018-03-15,1.95
2018-03-16,1.953
2018-03-19,1.964
2018-03-20,1.977
2018-03-21,2.002
2018-03-22,2.04
2018-03-23,2.011
2018-03-26,2.031
2018-03-27,2.023
2018-03-28,1.967
2018-03-29,2.001
2018-04-03,2.027
2018-04-04,2.054
2018-04-05,2.035
2018-04-06,2.021
2018-04-09,2.018
2018-04-10,2.033
2018-04-11,2.025
2018-04-12,2.026
2018-04-13,2.071
2018-04-16,2.092
2018-04-17,2.118
2018-04-18,2.114
2018-04-19,2.11
2018-04-20,2.098
2018-04-23,2.129
2018-04-24,2.103
2018-04-26,2.11
2018-04-27,2.083
2018-04-30,2.047
2018-05-01,2.048
2018-05-02,2.052
2018-05-03,2.051
2018-05-04,2.032
2018-05-07,2.019
2018-05-08,2.016
2018-05-09,2.021
2018-05-10,2.019
2018-05-11,2.016
2018-05-14,2.001
2018-05-15,2.041
2018-05-16,2.061
2018-05-17,2.065
2018-05-18,2.059
2018-05-21,2.051
2018-05-22,2.049
2018-05-23,2.047
2018-05-24,2.034
2018-05-25,2.018
2018-05-28,2.007
2018-05-29,1.993
2018-05-30,1.98
2018-05-31,1.992
2018-06-01,2.025
2018-06-04,2.069
2018-06-05,2.056
2018-06-06,2.088
2018-06-07,2.113
2018-06-08,2.069
2018-06-12,2.087
2018-06-13,2.073
2018-06-14,2.049
2018-06-15,2.034
2018-06-18,2.021
2018-06-19,2.017
2018-06-20,2.055
2018-06-21,2.067
2018-06-22,2.039
2018-06-25,2.036
2018-06-26,2.034
2018-06-27,2.022
2018-06-28,2.003
2018-06-29,2.001
2018-07-02,1.969
2018-07-03,1.982
2018-07-04,1.978
2018-07-05,1.975
2018-07-06,1.994
2018-07-09,1.992
2018-07-10,2.021
2018-07-11,1.99
2018-07-12,2.0
2018-07-13,2.011
2018-07-16,2.015
2018-07-17,2.037
2018-07-18,2.038
2018-07-19,2.074
2018-07-20,2.05
2018-07-23,2.069
2018-07-24,2.086
2018-07-25,2.058
2018-07-26,2.036
2018-07-27,2.016
2018-07-30,2.027
2018-07-31,2.037
2018-08-01,2.05
2018-08-02,2.063
2018-08-03,2.07
2018-08-07,2.033
2018-08-08,2.041
2018-08-09,2.016
2018-08-10,1.976
2018-08-13,1.983
2018-08-14,1.983
2018-08-15,1.984
2018-08-16,1.978
2018-08-17,1.976
2018-08-20,1.976
2018-08-21,1.991
2018-08-22,1.988
2018-08-23,1.968
2018-08-24,1.976
2018-08-27,1.986
2018-08-28,1.988
2018-08-29,1.964
2018-08-30,1.982
2018-08-31,1.96
2018-09-03,1.959
2018-09-04,1.973
2018-09-05,1.99
2018-09-06,1.986
2018-09-07,1.975
2018-09-10,1.993
2018-09-11,1.997
2018-09-12,1.996
2018-09-13,2.021
2018-09-14,2.011
2018-09-17,2.015
2018-09-18,2.051
2018-09-19,2.098
2018-09-20,2.096
2018-09-21,2.074
2018-09-24,2.074
2018-09-25,2.09
2018-09-26,2.068
2018-09-27,2.033
2018-09-28,2.017
2018-10-02,1.993
2018-10-03,1.957
2018-10-04,1.981
2018-10-05,1.977
2018-10-08,2.008
2018-10-09,2.024
2018-10-10,2.024
2018-10-11,2.014
2018-10-12,2.038
2018-10-15,2.022
2018-10-16,2.027
2018-10-17,2.014
2018-10-18,2.035
2018-10-19,2.016
2018-10-22,2.022
2018-10-23,2.006
2018-10-24,1.998
2018-10-25,1.981
2018-10-26,1.984
2018-10-29,1.967
2018-10-30,1.961
2018-10-31,1.97
2018-11-01,1.996
2018-11-02,2.018
2018-11-05,2.044
2018-11-06,2.039
2018-11-07,2.039
2018-11-08,2.069
2018-11-09,2.076
2018-11-12,2.072
2018-11-13,2.063
2018-11-14,2.049
2018-11-15,2.073
2018-11-16,2.052
2018-11-19,2.04
2018-11-20,2.055
2018-11-21,2.046
2018-11-22,2.038
2018-11-23,2.031
2018-11-26,2.019
2018-11-27,2.021
2018-11-28,2.018
2018-11-29,2.005
2018-11-30,1.992
2018-12-03,1.999
2018-12-04,1.975
2018-12-05,1.96
2018-12-06,1.92
2018-12-07,1.913
2018-12-10,1.92
2018-12-11,1.942
2018-12-12,1.946
2018-12-13,1.985
2018-12-14,1.978
2018-12-17,1.969
2018-12-18,1.946
2018-12-19,1.937
2018-12-20,1.921
2018-12-21,1.964
2018-12-24,1.932
2018-12-27,1.941
2018-12-28,1.924
2018-12-31,1.885
2019-01-02,1.852
2019-01-03,1.791
2019-01-04,1.834
2019-01-07,1.849
2019-01-08,1.87
2019-01-09,1.884
2019-01-10,1.875
2019-01-11,1.869
2019-01-14,1.846
2019-01-15,1.859
2019-01-16,1.845
2019-01-17,1.846
2019-01-18,1.867
2019-01-21,1.869
2019-01-22,1.867
2019-01-23,1.853
2019-01-24,1.823
2019-01-25,1.784
2019-01-29,1.793
2019-01-30,1.826
2019-01-31,1.819
2019-02-01,1.805
2019-02-04,1.818
2019-02-05,1.828
2019-02-06,1.745
2019-02-07,1.73
2019-02-08,1.694
2019-02-11,1.699
2019-02-12,1.729
2019-02-13,1.755
2019-02-14,1.76
2019-02-15,1.733
2019-02-18,1.764
2019-02-19,1.759
2019-02-20,1.721
2019-02-21,1.667
2019-02-22,1.706
2019-02-25,1.722
2019-02-26,1.721
2019-02-27,1.701
2019-02-28,1.697
2019-03-01,1.738
2019-03-04,1.751
2019-03-05,1.726
2019-03-06,1.666
2019-03-07,1.676
2019-03-08,1.658
2019-03-11,1.664
2019-03-12,1.665
2019-03-13,1.6
2019-03-14,1.587
2019-03-15,1.595
2019-03-18,1.606
2019-03-19,1.567
2019-03-20,1.553
2019-03-21,1.534
2019-03-22,1.503
2019-03-25,1.477
2019-03-26,1.517
2019-03-27,1.483
2019-03-28,1.462
2019-03-29,1.469
2019-04-01,1.485
2019-04-02,1.452
2019-04-03,1.462
2019-04-04,1.494
2019-04-05,1.506
2019-04-08,1.48
2019-04-09,1.487
2019-04-10,1.491
2019-04-11,1.489
2019-04-12,1.496
2019-04-15,1.528
2019-04-16,1.502
2019-04-17,1.507
2019-04-18,1.514
2019-04-23,1.475
2019-04-24,1.323
2019-04-26,1.337
2019-04-29,1.341
2019-04-30,1.324
2019-05-01,1.319
2019-05-02,1.32
2019-05-03,1.317
2019-05-06,1.284
2019-05-07,1.363
2019-05-08,1.329
2019-05-09,1.309
2019-05-10,1.315
2019-05-13,1.305
2019-05-14,1.281
2019-05-15,1.279
2019-05-16,1.224
2019-05-17,1.21
2019-05-20,1.253
2019-05-21,1.199
2019-05-22,1.195
2019-05-23,1.15
2019-05-24,1.105
2019-05-27,1.136
2019-05-28,1.127
2019-05-29,1.106
2019-05-30,1.141
2019-05-31,1.111
2019-06-03,1.129
2019-06-04,1.121
2019-06-05,1.083
2019-06-06,1.061
2019-06-07,1.075
2019-06-11,1.06
2019-06-12,1.04
2019-06-13,1.008
2019-06-14,0.997
2019-06-17,1.03
2019-06-18,1.01
2019-06-19,0.976
2019-06-20,0.931
2019-06-21,0.906
2019-06-24,0.912
2019-06-25,0.905
2019-06-26,0.945
2019-06-27,0.984
2019-06-28,0.973
2019-07-01,0.982
2019-07-02,0.969
2019-07-03,0.928
2019-07-04,0.94
2019-07-05,0.94
2019-07-08,0.961
2019-07-09,0.957
2019-07-10,0.982
2019-07-11,0.946
2019-07-12,0.989
2019-07-15,0.998
2019-07-16,0.963
2019-07-17,0.948
2019-07-18,0.941
2019-07-19,0.956
2019-07-22,0.946
2019-07-23,0.94
2019-07-24,0.907
2019-07-25,0.865
2019-07-26,0.87
2019-07-29,0.852
2019-07-30,0.842
2019-07-31,0.83
2019-08-01,0.863
2019-08-02,0.782
2019-08-05,0.746
2019-08-06,0.749
2019-08-07,0.704
2019-08-08,0.733
2019-08-09,0.716
2019-08-12,0.714
2019-08-13,0.707
2019-08-14,0.712
2019-08-15,0.714
2019-08-16,0.719
2019-08-19,0.729
2019-08-20,0.728
2019-08-21,0.722
2019-08-22,0.719
2019-08-23,0.743
2019-08-26,0.698
2019-08-27,0.727
2019-08-28,0.716
2019-08-29,0.708
2019-08-30,0.706
2019-09-02,0.723
2019-09-03,0.732
2019-09-04,0.754
2019-09-05,0.785
2019-09-06,0.851
2019-09-09,0.841
2019-09-10,0.864
2019-09-11,0.896
2019-09-12,0.897
2019-09-13,0.903
2019-09-16,0.923
2019-09-17,0.869
2019-09-18,0.872
2019-09-19,0.79
2019-09-20,0.757
2019-09-23,0.753
2019-09-24,0.739
2019-09-25,0.731
2019-09-26,0.725
2019-09-27,0.725
2019-09-30,0.757
2019-10-01,0.68
2019-10-02,0.649
2019-10-03,0.63
2019-10-04,0.618
2019-10-08,0.624
2019-10-09,0.622
2019-10-10,0.618
2019-10-11,0.688
2019-10-14,0.707
2019-10-15,0.692
2019-10-16,0.711
2019-10-17,0.756
2019-10-18,0.767
2019-10-21,0.786
2019-10-22,0.79
2019-10-23,0.757
2019-10-24,0.744
2019-10-25,0.732
2019-10-28,0.754
2019-10-29,0.823
2019-10-30,0.797
2019-10-31,0.824
2019-11-01,0.805
2019-11-04,0.846
2019-11-05,0.873
2019-11-06,0.895
2019-11-07,0.858
2019-11-08,0.887
2019-11-11,0.872
2019-11-12,0.852
2019-11-13,0.837
2019-11-14,0.766
2019-11-15,0.778
2019-11-18,0.778
2019-11-19,0.751
2019-11-20,0.746
2019-11-21,0.754
2019-11-22,0.761
2019-11-25,0.764
2019-11-26,0.764
2019-11-27,0.683
2019-11-28,0.655
2019-11-29,0.679
2019-12-02,0.711
2019-12-03,0.786
2019-12-04,0.708
2019-12-05,0.713
2019-12-06,0.731
2019-12-09,0.746
2019-12-10,0.725
2019-12-11,0.759
2019-12-12,0.745
2019-12-13,0.818
2019-12-16,0.77
2019-12-17,0.746
2019-12-18,0.78
2019-12-19,0.84
2019-12-20,0.876
2019-12-23,0.888
2019-12-24,0.903
2019-12-27,0.91
2019-12-30,0.9
2019-12-31,0.922
2020-01-02,0.876
2020-01-03,0.822
2020-01-06,0.794
2020-01-07,0.792
2020-01-08,0.772
2020-01-09,0.802
2020-01-10,0.813
2020-01-13,0.8
2020-01-14,0.818
2020-01-15,0.804
2020-01-16,0.78
2020-01-17,0.771
2020-01-20,0.76
2020-01-21,0.75
2020-01-22,0.715
2020-01-23,0.742
2020-01-24,0.751
2020-01-28,0.66
2020-01-29,0.698
2020-01-30,0.652
2020-01-31,0.648
2020-02-03,0.62
2020-02-04,0.647
2020-02-05,0.741
2020-02-06,0.786
2020-02-07,0.745
2020-02-10,0.726
2020-02-11,0.735
2020-02-12,0.764
2020-02-13,0.758
2020-02-14,0.75
2020-02-17,0.756
2020-02-18,0.743
2020-02-19,0.744
2020-02-20,0.703
2020-02-21,0.663
2020-02-24,0.648
2020-02-25,0.657
2020-02-26,0.635
2020-02-27,0.591
2020-02-28,0.534
2020-03-02,0.468
2020-03-03,0.457
2020-03-04,0.387
2020-03-05,0.42
2020-03-06,0.388
2020-03-09,0.413
2020-03-10,0.496
2020-03-11,0.422
2020-03-12,0.433
2020-03-13,0.566
2020-03-16,0.504
2020-03-17,0.525
2020-03-18,0.515
2020-03-19,0.334
2020-03-20,0.282
2020-03-23,0.287
2020-03-24,0.285
2020-03-25,0.288
2020-03-26,0.268
2020-03-27,0.254
2020-03-30,0.255
2020-03-31,0.244
2020-04-01,0.212
2020-04-02,0.219
2020-04-03,0.212
2020-04-06,0.22
2020-04-07,0.224
2020-04-08,0.219
2020-04-09,0.231
2020-04-14,0.226
2020-04-15,0.231
2020-04-16,0.221
2020-04-17,0.225
2020-04-20,0.228
2020-04-21,0.224
2020-04-22,0.222
2020-04-23,0.227
2020-04-24,0.228
2020-04-27,0.231
2020-04-28,0.228
2020-04-29,0.227
2020-04-30,0.222
2020-05-01,0.221
2020-05-04,0.22
2020-05-05,0.218
2020-05-06,0.228
2020-05-07,0.226
2020-05-08,0.219
2020-05-11,0.219
2020-05-12,0.228
2020-05-13,0.237
2020-05-14,0.251
2020-05-15,0.251
2020-05-18,0.255
2020-05-19,0.262
2020-05-20,0.259
2020-05-21,0.256
2020-05-22,0.257
2020-05-25,0.26
2020-05-26,0.263
2020-05-27,0.262
2020-05-28,0.263
2020-05-29,0.264
2020-06-01,0.268
2020-06-02,0.266
2020-06-03,0.274
2020-06-04,0.282
2020-06-05,0.284
2020-06-09,0.281
2020-06-10,0.281
2020-06-11,0.271
2020-06-12,0.27
2020-06-15,0.265
2020-06-16,0.264
2020-06-17,0.264
2020-06-18,0.26
2020-06-19,0.263
2020-06-22,0.261
2020-06-23,0.259
2020-06-24,0.252
2020-06-25,0.25
2020-06-26,0.248
2020-06-29,0.25
2020-06-30,0.249
2020-07-01,0.253
2020-07-02,0.25
2020-07-03,0.252
2020-07-06,0.254
2020-07-07,0.253
2020-07-08,0.249
2020-07-09,0.251
2020-07-10,0.25
2020-07-13,0.257
2020-07-14,0.261
2020-07-15,0.257
2020-07-16,0.256
2020-07-17,0.261
2020-07-20,0.265
2020-07-21,0.265
2020-07-22,0.279
2020-07-23,0.269
2020-07-24,0.26
2020-07-27,0.268
2020-07-28,0.274
2020-07-29,0.271
2020-07-30,0.275
2020-07-31,0.28
2020-08-03,0.281
2020-08-04,0.257
2020-08-05,0.258
2020-08-06,0.26
2020-08-07,0.259
2020-08-10,0.262
2020-08-11,0.27
2020-08-12,0.274
2020-08-13,0.268
2020-08-14,0.27
2020-08-17,0.269
2020-08-18,0.273
2020-08-19,0.273
2020-08-20,0.269
2020-08-21,0.27
2020-08-24,0.272
2020-08-25,0.267
2020-08-26,0.27
2020-08-27,0.267
2020-08-28,0.274
2020-08-31,0.277
2020-09-01,0.273
2020-09-02,0.272
2020-09-03,0.269
2020-09-04,0.272
2020-09-07,0.274
2020-09-08,0.275
2020-09-09,0.259
2020-09-10,0.256
2020-09-11,0.254
2020-09-14,0.24
2020-09-15,0.225
2020-09-16,0.219
2020-09-17,0.209
2020-09-18,0.212
2020-09-21,0.213
2020-09-22,0.21
2020-09-23,0.162
2020-09-24,0.165
2020-09-25,0.168
2020-09-28,0.165
2020-09-29,0.17
2020-09-30,0.172
2020-10-01,0.176
2020-10-02,0.175
2020-10-06,0.184
2020-10-07,0.146
2020-10-08,0.155
2020-10-09,0.155
2020-10-12,0.15
2020-10-13,0.149
2020-10-14,0.154
2020-10-15,0.14
2020-10-16,0.143
2020-10-19,0.146
2020-10-20,0.129
2020-10-21,0.125
2020-10-22,0.124
2020-10-23,0.128
2020-10-26,0.112
2020-10-27,0.114
2020-10-28,0.109
2020-10-29,0.111
2020-10-30,0.109
2020-11-02,0.113
2020-11-03,0.093
2020-11-04,0.108
2020-11-05,0.097
2020-11-06,0.096
2020-11-09,0.094
2020-11-10,0.099
2020-11-11,0.1
2020-11-12,0.097
2020-11-13,0.102
2020-11-16,0.099
2020-11-17,0.097
2020-11-18,0.095
2020-11-19,0.095
2020-11-20,0.097
2020-11-23,0.092
2020-11-24,0.093
2020-11-25,0.093
2020-11-26,0.089
2020-11-27,0.088
2020-11-30,0.089
2020-12-01,0.094
2020-12-02,0.098
2020-12-03,0.1
2020-12-04,0.1
2020-12-07,0.1
2020-12-08,0.099
2020-12-09,0.097
2020-12-10,0.087
2020-12-11,0.09
2020-12-14,0.092
2020-12-15,0.092
2020-12-16,0.099
2020-12-17,0.103
2020-12-18,0.104
2020-12-21,0.09
2020-12-22,0.087
2020-12-23,0.086
2020-12-24,0.081
2020-12-29,0.08
2020-12-30,0.077
2020-12-31,0.074
2021-01-04,0.076
2021-01-05,0.075
2021-01-06,0.076
2021-01-07,0.077
2021-01-08,0.077
2021-01-11,0.076
2021-01-12,0.079
2021-01-13,0.082
2021-01-14,0.078
2021-01-15,0.078
2021-01-18,0.079
2021-01-19,0.079
2021-01-20,0.079
2021-01-21,0.078
2021-01-22,0.083
2021-01-25,0.079
2021-01-27,0.084
2021-01-28,0.083
2021-01-29,0.085
2021-02-01,0.088
2021-02-02,0.092
2021-02-03,0.093
2021-02-04,0.097
2021-02-05,0.092
2021-02-08,0.09
2021-02-09,0.088
2021-02-10,0.088
2021-02-11,0.087
2021-02-12,0.088
2021-02-15,0.09
2021-02-16,0.093
2021-02-17,0.1
2021-02-18,0.104
2021-02-19,0.111
2021-02-22,0.119
2021-02-23,0.116
2021-02-24,0.115
2021-02-25,0.112
2021-02-26,0.108
2021-03-01,0.113
2021-03-02,0.106
2021-03-03,0.106
2021-03-04,0.116
2021-03-05,0.12
2021-03-08,0.122
2021-03-09,0.104
2021-03-10,0.097
2021-03-11,0.089
2021-03-12,0.1
2021-03-15,0.084
2021-03-16,0.083
2021-03-17,0.08
2021-03-18,0.086
2021-03-19,0.086
2021-03-22,0.084
2021-03-23,0.079
2021-03-24,0.078
2021-03-25,0.074
2021-03-26,0.072
2021-03-29,0.071
2021-03-30,0.073
2021-03-31,0.074
2021-04-01,0.076
2021-04-06,0.075
2021-04-07,0.075
2021-04-08,0.075
2021-04-09,0.074
2021-04-12,0.075
2021-04-13,0.074
2021-04-14,0.074
2021-04-15,0.075
2021-04-16,0.074
2021-04-19,0.074
2021-04-20,0.074
2021-04-21,0.072
2021-04-22,0.072
2021-04-23,0.071
2021-04-26,0.072
2021-04-27,0.074
2021-04-28,0.074
2021-04-29,0.074
2021-04-30,0.077
2021-05-03,0.079
2021-05-04,0.083
2021-05-05,0.085
2021-05-06,0.088
2021-05-07,0.082
2021-05-10,0.079
2021-05-11,0.074
2021-05-12,0.078
2021-05-13,0.077
2021-05-14,0.077
2021-05-17,0.077
2021-05-18,0.074
2021-05-19,0.071
2021-05-20,0.069
2021-05-21,0.07
2021-05-24,0.069
2021-05-25,0.066
2021-05-26,0.061
2021-05-27,0.057
2021-05-28,0.059
2021-05-31,0.055
2021-06-01,0.046
2021-06-02,0.046
2021-06-03,0.039
2021-06-04,0.043
2021-06-07,0.044
2021-06-08,0.047
2021-06-09,0.034
2021-06-10,0.012
2021-06-11,-0.001
2021-06-15,0.004
2021-06-16,0.005
2021-06-17,0.018
2021-06-18,0.066
2021-06-21,0.084
2021-06-22,0.074
2021-06-23,0.076
2021-06-24,0.07
2021-06-25,0.072
2021-06-28,0.07
2021-06-29,0.068
2021-06-30,0.065
2021-07-01,0.058
2021-07-02,0.057
2021-07-05,0.058
2021-07-06,0.067
2021-07-07,0.066
2021-07-08,0.064
2021-07-09,0.062
2021-07-12,0.056
2021-07-13,0.058
2021-07-14,0.047
2021-07-15,0.047
2021-07-16,0.045
2021-07-19,0.039
2021-07-20,0.029
2021-07-21,0.03
2021-07-22,0.028
2021-07-23,0.028
2021-07-26,0.031
2021-07-27,0.029
2021-07-28,0.025
2021-07-29,0.021
2021-07-30,0.022
2021-08-03,0.024
2021-08-04,0.024
2021-08-05,0.029
2021-08-06,0.04
2021-08-09,0.039
2021-08-10,0.04
2021-08-11,0.041
2021-08-12,0.04
2021-08-13,0.039
2021-08-16,0.033
2021-08-17,0.029
2021-08-18,0.027
2021-08-19,0.025
2021-08-20,0.011
2021-08-23,0.011
2021-08-24,0.013
2021-08-25,0.017
2021-08-26,0.017
2021-08-27,0.018
2021-08-30,0.016
2021-08-31,0.009
2021-09-01,0.009
2021-09-02,0.008
2021-09-03,0.008
2021-09-06,0.008
2021-09-07,0.009
2021-09-08,0.01
2021-09-09,0.01
2021-09-10,0.008
2021-09-13,0.006
2021-09-14,0.002
2021-09-15,0.007
2021-09-16,0.008
2021-09-17,0.008
2021-09-20,0.008
2021-09-21,0.008
2021-09-22,0.009
2021-09-23,0.009
2021-09-24,0.013
2021-09-27,0.016
2021-09-28,0.024
2021-09-29,0.026
2021-09-30,0.035
2021-10-01,0.039
2021-10-05,0.068
2021-10-06,0.084
2021-10-07,0.086
2021-10-08,0.086
2021-10-11,0.203
2021-10-12,0.096
2021-10-13,0.097
2021-10-14,0.098
2021-10-15,0.102
2021-10-18,0.13
2021-10-19,0.137
2021-10-20,0.144
2021-10-21,0.155
2021-10-22,0.121
2021-10-25,0.126
2021-10-26,0.144
2021-10-27,0.2
2021-10-28,0.496
2021-10-29,0.68
2021-11-01,0.64
2021-11-02,0.619
2021-11-03,0.57
2021-11-04,0.585
2021-11-05,0.545
2021-11-08,0.51
2021-11-09,0.506
2021-11-10,0.514
2021-11-11,0.6
2021-11-12,0.606
2021-11-15,0.577
2021-11-16,0.608
2021-11-17,0.58
2021-11-18,0.561
2021-11-19,0.567
2021-11-22,0.568
2021-11-23,0.607
2021-11-24,0.557
2021-11-25,0.567
2021-11-26,0.541
2021-11-29,0.526
2021-11-30,0.511
2021-12-01,0.545
2021-12-02,0.555
2021-12-03,0.543
2021-12-06,0.527
2021-12-07,0.552
2021-12-08,0.562
2021-12-09,0.546
2021-12-10,0.531
2021-12-13,0.521
2021-12-14,0.508
2021-12-15,0.528
2021-12-16,0.577
2021-12-17,0.577
2021-12-20,0.534
2021-12-21,0.53
2021-12-22,0.475
2021-12-23,0.483
2021-12-24,0.487
2021-12-29,0.477
2021-12-30,0.501
2021-12-31,0.509
2022-01-04,0.561
2022-01-05,0.575
2022-01-06,0.625
2022-01-07,0.615
2022-01-10,0.622
2022-01-11,0.62
2022-01-12,0.607
2022-01-13,0.636
2022-01-14,0.664
2022-01-17,0.715
2022-01-18,0.766
2022-01-19,0.797
2022-01-20,0.821
2022-01-21,0.773
2022-01-24,0.799
2022-01-25,0.848
2022-01-27,0.916
2022-01-28,0.876
2022-01-31,0.812
2022-02-01,0.797
2022-02-02,0.804
2022-02-03,0.791
2022-02-04,0.864
2022-02-07,0.93
2022-02-08,0.993
2022-02-09,0.985
2022-02-10,0.978
2022-02-11,1.084
2022-02-14,1.049
2022-02-15,1.116
2022-02-16,1.136
2022-02-17,1.09
2022-02-18,1.105
2022-02-21,1.094
2022-02-22,1.107
2022-02-23,1.161
2022-02-24,1.088
2022-02-25,1.127
2022-02-28,1.022
2022-03-01,1.021
2022-03-02,0.939
2022-03-03,1.016
2022-03-04,1.049
2022-03-07,1.061
2022-03-08,1.142
2022-03-09,1.193
2022-03-10,1.215
2022-03-11,1.244
2022-03-14,1.278
2022-03-15,1.28
2022-03-16,1.233
2022-03-17,1.288
2022-03-18,1.338
2022-03-21,1.349
2022-03-22,1.506
2022-03-23,1.521
2022-03-24,1.451
2022-03-25,1.533
2022-03-28,1.747
2022-03-29,1.864
2022-03-30,1.777
2022-03-31,1.761
2022-04-01,1.791
2022-04-04,1.809
2022-04-05,1.93
2022-04-06,2.073
2022-04-07,2.077
2022-04-08,2.097
2022-04-11,2.107
2022-04-12,2.142
2022-04-13,2.101
2022-04-14,2.005
2022-04-19,2.112
2022-04-20,2.188
2022-04-21,2.251
2022-04-22,2.38
2022-04-26,2.351
2022-04-27,2.383
2022-04-28,2.408
2022-04-29,2.451
2022-05-02,2.56
2022-05-03,2.764
2022-05-04,2.896
2022-05-05,2.725
2022-05-06,2.757
2022-05-09,2.77
2022-05-10,2.714
2022-05-11,2.679
2022-05-12,2.636
2022-05-13,2.564
2022-05-16,2.58
2022-05-17,2.603
2022-05-18,2.624
2022-05-19,2.564
2022-05-20,2.514
2022-05-23,2.533
2022-05-24,2.531
2022-05-25,2.423
2022-05-26,2.413
2022-05-27,2.445
2022-05-30,2.438
2022-05-31,2.519
2022-06-01,2.572
2022-06-02,2.677
2022-06-03,2.652
2022-06-06,2.669
2022-06-07,2.834
2022-06-08,2.781
2022-06-09,2.773
2022-06-10,2.791
2022-06-14,3.132
2022-06-15,3.365
2022-06-16,3.234
2022-06-17,3.358
2022-06-20,3.327
2022-06-21,3.222
2022-06-22,3.086
2022-06-23,2.985
2022-06-24,2.831
2022-06-27,2.902
2022-06-28,2.877
2022-06-29,2.81
2022-06-30,2.729
2022-07-01,2.588
2022-07-04,2.56
2022-07-05,2.581
2022-07-06,2.534
2022-07-07,2.589
2022-07-08,2.648
2022-07-11,2.68
2022-07-12,2.587
2022-07-13,2.57
2022-07-14,2.678
2022-07-15,2.671
2022-07-18,2.754
2022-07-19,2.856
2022-07-20,2.907
2022-07-21,2.917
2022-07-22,2.831
2022-07-25,2.775
2022-07-26,2.799
2022-07-27,2.687
2022-07-28,2.643
2022-07-29,2.485
2022-08-01,2.514
2022-08-02,2.512
2022-08-03,2.638
2022-08-04,2.712
2022-08-05,2.677
2022-08-08,2.777
2022-08-09,2.792
2022-08-10,2.846
2022-08-11,2.865
2022-08-12,2.948
2022-08-15,2.906
2022-08-16,2.782
2022-08-17,2.836
2022-08-18,2.883
2022-08-19,2.939
2022-08-22,3.041
2022-08-23,3.114
2022-08-24,3.089
2022-08-25,3.121
2022-08-26,3.041
2022-08-29,3.18
2022-08-30,3.091
2022-08-31,3.062
2022-09-01,3.135
2022-09-02,3.108
2022-09-05,3.103
2022-09-06,3.096
2022-09-07,3.134
2022-09-08,2.988
2022-09-09,3.013
2022-09-12,3.084
2022-09-13,3.035
2022-09-14,3.134
2022-09-15,3.215
2022-09-16,3.295
2022-09-19,3.257
2022-09-20,3.218
2022-09-21,3.218
2022-09-23,3.477
2022-09-26,3.614
2022-09-27,3.575
2022-09-28,3.572
2022-09-29,3.484
2022-09-30,3.422
2022-10-04,3.114
2022-10-05,3.064
2022-10-06,3.18
2022-10-07,3.228
2022-10-10,3.228
2022-10-11,3.337
2022-10-12,3.265
2022-10-13,3.258
2022-10-14,3.349
2022-10-17,3.351
2022-10-18,3.294
2022-10-19,3.366
2022-10-20,3.488
2022-10-21,3.617
2022-10-24,3.488
2022-10-25,3.442
2022-10-26,3.365
2022-10-27,3.284
2022-10-28,3.198
2022-10-31,3.22
2022-11-01,3.183
2022-11-02,3.265
2022-11-03,3.37
2022-11-04,3.261
2022-11-07,3.271
2022-11-08,3.398
2022-11-09,3.298
2022-11-10,3.158
2022-11-11,3.08
2022-11-14,3.171
2022-11-15,3.19
2022-11-16,3.162
2022-11-17,3.102
2022-11-18,3.118
2022-11-21,3.104
2022-11-22,3.132
2022-11-23,3.195
2022-11-24,3.169
2022-11-25,3.204
2022-11-28,3.137
2022-11-29,3.175
2022-11-30,3.107
2022-12-01,3.024
2022-12-02,2.96
2022-12-05,2.956
2022-12-06,3.013
2022-12-07,2.998
2022-12-08,2.982
2022-12-09,2.935
2022-12-12,2.971
2022-12-13,3.011
2022-12-14,2.963
2022-12-15,3.067
2022-12-16,3.057
2022-12-19,3.11
2022-12-20,3.223
2022-12-21,3.148
2022-12-22,3.213
2022-12-23,3.263
2022-12-28,3.429
2022-12-29,3.422
2022-12-30,3.42
2023-01-03,3.397
2023-01-04,3.357
2023-01-05,3.363
2023-01-06,3.389
2023-01-09,3.266
2023-01-10,3.257
2023-01-11,3.263
2023-01-12,3.132
2023-01-13,3.128
2023-01-16,3.142
2023-01-17,3.134
2023-01-18,3.083
2023-01-19,2.893
2023-01-20,2.93
2023-01-23,2.97
2023-01-24,2.972
2023-01-25,3.081
2023-01-27,3.145
2023-01-30,3.12
2023-01-31,3.105
2023-02-01,3.123
2023-02-02,3.07
2023-02-03,2.944
2023-02-06,3.025
2023-02-07,3.179
2023-02-08,3.204
2023-02-09,3.273
2023-02-10,3.353
2023-02-13,3.406
2023-02-14,3.402
2023-02-15,3.407
2023-02-16,3.402
2023-02-17,3.452
2023-02-20,3.493
2023-02-21,3.52
2023-02-22,3.539
2023-02-23,3.56
2023-02-24,3.534
2023-02-27,3.602
2023-02-28,3.558
2023-03-01,3.469
2023-03-02,3.528
2023-03-03,3.563
2023-03-06,3.477
2023-03-07,3.346
2023-03-08,3.435
2023-03-09,3.407
2023-03-10,3.307
2023-03-13,3.182
2023-03-14,3.026
2023-03-15,3.049
2023-03-16,2.783
2023-03-17,2.95
2023-03-20,2.759
2023-03-21,2.739
2023-03-22,2.92
2023-03-23,2.847
2023-03-24,2.783
2023-03-27,2.735
2023-03-28,2.846
2023-03-29,2.842
2023-03-30,2.921
2023-03-31,2.866
2023-04-03,2.902
2023-04-04,2.819
2023-04-05,2.818
2023-04-06,2.741
2023-04-11,2.794
2023-04-12,2.828
2023-04-13,2.868
2023-04-14,2.873
2023-04-17,2.912
2023-04-18,3.008
2023-04-19,3.086
2023-04-20,3.078
2023-04-21,3.029
2023-04-24,3.036
2023-04-26,2.861
2023-04-27,2.932
2023-04-28,2.932
2023-05-01,2.94
2023-05-02,3.153
2023-05-03,3.119
2023-05-04,2.975
2023-05-05,2.957
2023-05-08,3.06
2023-05-09,3.093
2023-05-10,3.129
2023-05-11,3.072
2023-05-12,3.033
2023-05-15,3.137
2023-05-16,3.146
2023-05-17,3.169
2023-05-18,3.268
2023-05-19,3.374
2023-05-22,3.365
2023-05-23,3.425
2023-05-24,3.386
2023-05-25,3.481
2023-05-26,3.51
2023-05-29,3.5
2023-05-30,3.495
2023-05-31,3.449
2023-06-01,3.48
2023-06-02,3.557
2023-06-05,3.671
2023-06-06,3.757
2023-06-07,3.803
2023-06-08,3.959
2023-06-09,3.926
2023-06-13,3.93
2023-06-14,4.001
2023-06-15,4.105
2023-06-16,4.123
2023-06-19,4.103
2023-06-20,4.082
2023-06-21,4.043
2023-06-22,4.074
2023-06-23,4.13
2023-06-26,4.053
2023-06-27,4.032
2023-06-28,3.97
2023-06-29,4.024
2023-06-30,4.146
2023-07-03,4.088
2023-07-04,4.11
2023-07-05,4.115
2023-07-06,4.242
2023-07-07,4.355
2023-07-10,4.332
2023-07-11,4.229
2023-07-12,4.171
2023-07-13,4.058
2023-07-14,4.003
2023-07-17,4.011
2023-07-18,3.98
2023-07-19,3.891
2023-07-20,4.005
2023-07-21,4.035
2023-07-24,4.008
2023-07-25,4.05
2023-07-26,3.981
2023-07-27,3.904
2023-07-28,3.969
2023-07-31,3.973
2023-08-01,3.85
2023-08-02,3.84
2023-08-03,3.856
2023-08-04,3.942
2023-08-07,3.89
2023-08-08,3.809
2023-08-09,3.808
2023-08-10,3.849
2023-08-11,3.889
2023-08-14,3.963
2023-08-15,4.007
2023-08-16,3.962
2023-08-17,4.011
2023-08-18,3.936
2023-08-21,3.941
2023-08-22,3.939
2023-08-23,3.896
2023-08-24,3.843
2023-08-25,3.893
2023-08-28,3.919
2023-08-29,3.909
2023-08-30,3.864
2023-08-31,3.821
2023-09-01,3.81
2023-09-04,3.85
2023-09-05,3.851
2023-09-06,3.84
2023-09-07,3.883
2023-09-08,3.836
2023-09-11,3.873
2023-09-12,3.876
2023-09-13,3.883
2023-09-14,3.874
2023-09-15,3.869
2023-09-18,3.935
2023-09-19,3.92
2023-09-20,3.973
2023-09-21,4.069
2023-09-22,4.059
2023-09-25,4.034
2023-09-26,4.076
2023-09-27,4.047
2023-09-28,4.104
2023-09-29,4.083
2023-10-03,4.099
2023-10-04,4.144
2023-10-05,4.06
2023-10-06,4.023
2023-10-09,3.982
2023-10-10,3.954
2023-10-11,4.006
2023-10-12,3.996
2023-10-13,4.049
2023-10-16,4.054
2023-10-17,4.187
2023-10-18,4.275
2023-10-19,4.316
2023-10-20,4.291
2023-10-23,4.293
2023-10-24,4.225
2023-10-25,4.345
2023-10-26,4.405
2023-10-27,4.386
2023-10-30,4.439
2023-10-31,4.468
2023-11-01,4.467
2023-11-02,4.371
2023-11-03,4.35
2023-11-06,4.342
2023-11-07,4.308
2023-11-08,4.228
2023-11-09,4.23
2023-11-10,4.3
2023-11-13,4.346
2023-11-14,4.347
2023-11-15,4.241
2023-11-16,4.234
2023-11-17,4.16
2023-11-20,4.189
2023-11-21,4.159
2023-11-22,4.152
2023-11-23,4.207
2023-11-24,4.25
2023-11-27,4.274
2023-11-28,4.227
2023-11-29,4.096
2023-11-30,4.103
2023-12-01,4.153
2023-12-04,4.112
2023-12-05,4.073
2023-12-06,3.974
2023-12-07,4.01
2023-12-08,3.99
2023-12-11,4.034
2023-12-12,4.023
2023-12-13,4.019
2023-12-14,3.844
2023-12-15,3.868
2023-12-18,3.789
2023-12-19,3.838
2023-12-20,3.784
2023-12-21,3.746
2023-12-22,3.737
2023-12-27,3.693
2023-12-28,3.652
2023-12-29,3.691
2024-01-02,3.724
2024-01-03,3.795
2024-01-04,3.793
2024-01-05,3.854
2024-01-08,3.892
2024-01-09,3.828
2024-01-10,3.838
2024-01-11,3.829
2024-01-12,3.775
2024-01-15,3.755
2024-01-16,3.814
2024-01-17,3.862
2024-01-18,3.915
2024-01-19,3.93
2024-01-22,3.905
2024-01-23,3.862
2024-01-24,3.873
2024-01-25,3.874
2024-01-29,3.822
2024-01-30,3.791
2024-01-31,3.642
2024-02-01,3.646
2024-02-02,3.628
2024-02-05,3.744
2024-02-06,3.763
2024-02-07,3.719
2024-02-08,3.738
2024-02-09,3.763
2024-02-12,3.82
2024-02-13,3.828
2024-02-14,3.913
2024-02-15,3.784
2024-02-16,3.833
2024-02-19,3.814
2024-02-20,3.802
2024-02-21,3.78
2024-02-22,3.79
2024-02-23,3.835
2024-02-26,3.767
2024-02-27,3.774
2024-02-28,3.781
2024-02-29,3.754
2024-03-01,3.764
2024-03-04,3.732
2024-03-05,3.732
2024-03-06,3.677
2024-03-07,3.696
2024-03-08,3.666
2024-03-11,3.648
2024-03-12,3.643
2024-03-13,3.706
2024-03-14,3.74
2024-03-15,3.803
2024-03-18,3.797
2024-03-19,3.738
2024-03-20,3.725
2024-03-21,3.778
2024-03-22,3.747
2024-03-25,3.714
2024-03-26,3.717
2024-03-27,3.697
2024-03-28,3.666
2024-04-02,3.714
2024-04-03,3.772
2024-04-04,3.803
2024-04-05,3.75
2024-04-08,3.817
2024-04-09,3.788
2024-04-10,3.762
2024-04-11,3.888
2024-04-12,3.904
2024-04-15,3.896
2024-04-16,3.941
2024-04-17,3.993
2024-04-18,3.916
2024-04-19,3.878
2024-04-22,3.931
2024-04-23,3.894
2024-04-24,4.077
2024-04-26,4.183
2024-04-29,4.157
2024-04-30,4.094
2024-05-01,4.171
2024-05-02,4.121
2024-05-03,4.092
2024-05-06,4.082
2024-05-07,3.974
2024-05-08,3.995
2024-05-09,4.038
2024-05-10,4.017
2024-05-13,4.018
2024-05-14,4.009
2024-05-15,4.011
2024-05-16,3.895
2024-05-17,3.9
2024-05-20,3.93
2024-05-21,3.949
2024-05-22,3.991
2024-05-23,3.99
2024-05-24,4.038
2024-05-27,4.018
2024-05-28,4.012
2024-05-29,4.124
2024-05-30,4.135
2024-05-31,4.107
2024-06-03,4.078
2024-06-04,4.03
2024-06-05,3.993
2024-06-06,3.973
2024-06-07,3.962
2024-06-11,4.039
2024-06-12,4.007
2024-06-13,3.949
2024-06-14,3.888
2024-06-17,3.865
2024-06-18,3.919
2024-06-19,3.968
2024-06-20,3.987
2024-06-21,3.989
2024-06-24,4.006
2024-06-25,3.997
2024-06-26,4.175
2024-06-27,4.238
2024-06-28,4.145
2024-07-01,4.185
2024-07-02,4.194
2024-07-03,4.215
2024-07-04,4.217
2024-07-05,4.216
2024-07-08,4.182
2024-07-09,4.174
2024-07-10,4.146
2024-07-11,4.175
2024-07-12,4.121
2024-07-15,4.111
2024-07-16,4.042
2024-07-17,4.047
2024-07-18,4.065
2024-07-19,4.083
2024-07-22,4.093
2024-07-23,4.132
2024-07-24,4.121
2024-07-25,4.064
2024-07-26,4.059
2024-07-29,4.049
2024-07-30,4.055
2024-07-31,3.831
2024-08-01,3.81
2024-08-02,3.753
2024-08-05,3.64
2024-08-06,3.706
2024-08-07,3.751
2024-08-08,3.717
2024-08-09,3.723
2024-08-12,3.729
2024-08-13,3.689
2024-08-14,3.592
2024-08-15,3.56
2024-08-16,3.626
2024-08-19,3.611
2024-08-20,3.645
2024-08-21,3.587
2024-08-22,3.566
2024-08-23,3.595
2024-08-26,3.503
2024-08-27,3.56
2024-08-28,3.601
2024-08-29,3.611
2024-08-30,3.616
2024-09-02,3.675
2024-09-03,3.665
2024-09-04,3.637
2024-09-05,3.609
2024-09-06,3.568
2024-09-09,3.615
2024-09-10,3.591
2024-09-11,3.548
2024-09-12,3.573
2024-09-13,3.503
2024-09-16,3.476
2024-09-17,3.494
2024-09-18,3.519
2024-09-19,3.59
2024-09-20,3.569
2024-09-23,3.6
2024-09-24,3.485
2024-09-25,3.51
2024-09-26,3.547
2024-09-27,3.574
2024-09-30,3.583
2024-10-01,3.606
2024-10-02,3.557
2024-10-03,3.598
2024-10-04,3.657
2024-10-08,3.777
2024-10-09,3.79
2024-10-10,3.834
2024-10-11,3.819
2024-10-14,3.85
2024-10-15,3.837
2024-10-16,3.797
2024-10-17,3.849
2024-10-18,3.886
2024-10-21,3.854
2024-10-22,3.967
2024-10-23,3.984
2024-10-24,3.959
2024-10-25,3.928
2024-10-28,3.995
2024-10-29,3.969
2024-10-30,3.987
2024-10-31,4.038
2024-11-01,4.056
2024-11-04,4.053
2024-11-05,4.077
2024-11-06,4.122
2024-11-07,4.119
2024-11-08,4.078
2024-11-11,4.098
2024-11-12,4.107
2024-11-13,4.214
2024-11-14,4.202
2024-11-15,4.151
2024-11-18,4.105
2024-11-19,4.068
2024-11-20,4.069
2024-11-21,4.092
2024-11-22,4.063
2024-11-25,4.027
2024-11-26,3.986
2024-11-27,3.976
2024-11-28,3.922
2024-11-29,3.923
2024-12-02,3.944
2024-12-03,3.925
2024-12-04,3.846
2024-12-05,3.833
2024-12-06,3.834
2024-12-09,3.814
2024-12-10,3.734
2024-12-11,3.755
2024-12-12,3.861
2024-12-13,3.872
2024-12-16,3.897
2024-12-17,3.873
2024-12-18,3.841
2024-12-19,3.968
2024-12-20,3.986
2024-12-23,3.915
2024-12-24,3.908
2024-12-27,3.848
2024-12-30,3.901
2024-12-31,3.826
2025-01-02,3.87
2025-01-03,3.839
2025-01-06,3.912
2025-01-07,3.921
2025-01-08,3.897
2025-01-09,3.872
2025-01-10,3.902
2025-01-13,4.01
2025-01-14,3.994
2025-01-15,3.992
2025-01-16,3.901
2025-01-17,3.913
2025-01-20,3.884
2025-01-21,3.857
2025-01-22,3.906
2025-01-23,3.901
2025-01-24,3.888
2025-01-28,3.835
2025-01-29,3.771
2025-01-30,3.782
2025-01-31,3.794
2025-02-03,3.729
2025-02-04,3.749
2025-02-05,3.722
2025-02-06,3.711
2025-02-07,3.755
2025-02-10,3.793
2025-02-11,3.783
2025-02-12,3.839
2025-02-13,3.837
2025-02-14,3.811
2025-02-17,3.852
2025-02-18,3.906
2025-02-19,3.914
2025-02-20,3.918
2025-02-21,3.898
2025-02-24,3.831
2025-02-25,3.793
2025-02-26,3.777
2025-02-27,3.769
2025-02-28,3.727
2025-03-03,3.758
2025-03-04,3.704
2025-03-05,3.75
2025-03-06,3.832
2025-03-07,3.764
2025-03-10,3.803
2025-03-11,3.735
2025-03-12,3.754
2025-03-13,3.75
2025-03-14,3.748
2025-03-17,3.745
2025-03-18,3.752
2025-03-19,3.774
2025-03-20,3.724
2025-03-21,3.733
2025-03-24,3.723
2025-03-25,3.726
2025-03-26,3.77
2025-03-27,3.769
2025-03-28,3.732
2025-03-31,3.674
2025-04-01,3.665
2025-04-02,3.689
2025-04-03,3.527
2025-04-04,3.394
2025-04-07,3.252
2025-04-08,3.312
2025-04-09,3.218
2025-04-10,3.305
2025-04-11,3.25
2025-04-14,3.296
2025-04-15,3.285
2025-04-16,3.289
2025-04-17,3.288
2025-04-22,3.214
2025-04-23,3.287
2025-04-24,3.277
2025-04-28,3.247
2025-04-29,3.264
2025-04-30,3.271
2025-05-01,3.261
2025-05-02,3.287
2025-05-05,3.343
2025-05-06,3.38
2025-05-07,3.32
2025-05-08,3.315
2025-05-09,3.373
2025-05-12,3.44
2025-05-13,3.529
2025-05-14,3.556
2025-05-15,3.606
2025-05-16,3.554
2025-05-19,3.591
2025-05-20,3.427
2025-05-21,3.421
2025-05-22,3.414
2025-05-23,3.395
2025-05-26,3.366
2025-05-27,3.33
2025-05-28,3.362
2025-05-29,3.379
2025-05-30,3.278
2025-06-02,3.284
2025-06-03,3.271
2025-06-04,3.282
2025-06-05,3.293
2025-06-06,3.321
2025-06-10,3.312
2025-06-11,3.364
2025-06-12,3.313
2025-06-13,3.26
2025-06-16,3.3
2025-06-17,3.318
2025-06-18,3.311
2025-06-19,3.299
2025-06-20,3.27
2025-06-23,3.282
2025-06-24,3.223
2025-06-25,3.186
2025-06-26,3.186
2025-06-27,3.196
2025-06-30,3.212
2025-07-01,3.182
2025-07-02,3.219
2025-07-03,3.239
2025-07-04,3.254
2025-07-07,3.236
2025-07-08,3.352
2025-07-09,3.398
2025-07-10,3.365
2025-07-11,3.391
2025-07-14,3.411
2025-07-15,3.425
2025-07-16,3.428
2025-07-17,3.343
2025-07-18,3.323
2025-07-21,3.321
2025-07-22,3.326
2025-07-23,3.332
2025-07-24,3.393
2025-07-25,3.403
2025-07-28,3.405
2025-07-29,3.38
2025-07-30,3.316
2025-07-31,3.344
2025-08-01,3.388
2025-08-04,3.357
2025-08-05,3.314
2025-08-06,3.343
2025-08-07,3.329
2025-08-08,3.343
2025-08-11,3.342
2025-08-12,3.331
2025-08-13,3.301
2025-08-14,3.288
2025-08-15,3.293
2025-08-18,3.316
2025-08-19,3.363
2025-08-20,3.331
2025-08-21,3.325
2025-08-22,3.348
2025-08-25,3.32
2025-08-26,3.332
2025-08-27,3.358
2025-08-28,3.323
2025-08-29,3.333
2025-09-01,3.342
2025-09-02,3.373
2025-09-03,3.435
2025-09-04,3.4
2025-09-05,3.396
2025-09-08,3.354
2025-09-09,3.364
2025-09-10,3.372
2025-09-11,3.355
2025-09-12,3.374
2025-09-15,3.398
2025-09-16,3.361
2025-09-17,3.356
2025-09-18,3.322
2025-09-19,3.361
2025-09-22,3.379
2025-09-23,3.383
2025-09-24,3.448
2025-09-25,3.49
2025-09-26,3.521
2025-09-29,3.475
2025-09-30,3.487
2025-10-01,3.519
2025-10-02,3.485
2025-10-03,3.493
2025-10-07,3.511
2025-10-08,3.504
2025-10-09,3.509
2025-10-10,3.528
2025-10-13,3.468
2025-10-14,3.421
2025-10-15,3.433
2025-10-16,3.345
2025-10-17,3.282
2025-10-20,3.336
2025-10-21,3.313
2025-10-22,3.321
2025-10-23,3.334
2025-10-24,3.341
2025-10-27,3.38
2025-10-28,3.423
2025-10-29,3.54
2025-10-30,3.572
2025-10-31,3.553
2025-11-03,3.586
2025-11-04,3.611
2025-11-05,3.571
2025-11-06,3.594
2025-11-07,3.579
2025-11-10,3.628
2025-11-11,3.635
2025-11-12,3.635
2025-11-13,3.725
2025-11-14,3.69
2025-11-17,3.701
2025-11-18,3.664
2025-11-19,3.646
2025-11-20,3.693
2025-11-21,3.688
2025-11-24,3.673
2025-11-25,3.673
2025-11-26,3.804
2025-11-27,3.775
2025-11-28,3.805
2025-12-01,3.826
2025-12-02,3.853
2025-12-03,3.912
2025-12-04,3.987
2025-12-05,3.948
2025-12-08,3.973
2025-12-09,4.07
2025-12-10,4.124
2025-12-11,4.035
2025-12-12,4.03
2025-12-15,3.998
2025-12-16,4.02
2025-12-17,4.044
2025-12-18,4.012
2025-12-19,4.033
2025-12-22,4.078
2025-12-23,4.032
2025-12-24,4.031
2025-12-29,4.056
2025-12-30,4.047
2025-12-31,4.059
2026-01-02,4.106
2026-01-05,4.05
2026-01-06,4.058
2026-01-07,4.053
2026-01-08,3.98
2026-01-09,3.994
2026-01-12,4.01
2026-01-13,4.019
2026-01-14,4.019
2026-01-15,3.996
2026-01-16,4.014
2026-01-19,4.045
2026-01-20,4.083
2026-01-21,4.073
2026-01-22,4.142
2026-01-23,4.166
2026-01-27,4.213
2026-01-28,4.18
2026-01-29,4.197
2026-01-30,4.195
2026-02-02,4.174
2026-02-03,4.248
2026-02-04,4.287
2026-02-05,4.278
2026-02-06,4.246
2026-02-09,4.276
2026-02-10,4.255
2026-02-11,4.224
2026-02-12,4.266
2026-02-13,4.228
2026-02-16,4.21
2026-02-17,4.174
2026-02-18,4.206
2026-02-19,4.277
2026-02-20,4.226
2026-02-23,4.206
2026-02-24,4.195
2026-02-25,4.231
2026-02-26,4.213
2026-02-27,4.184
2026-03-02,4.161
2026-03-03,4.302
2026-03-04,4.264
2026-03-05,4.313
2026-03-06,4.372
2026-03-09,4.486
2026-03-10,4.421
2026-03-11,4.423
2026-03-12,4.5
2026-03-13,4.524
2026-03-16,4.553
2026-03-17,4.531
2026-03-18,4.509
2026-03-19,4.615
2026-03-20,4.781
2026-03-23,4.808
2026-03-24,4.726
2026-03-25,4.625
2026-03-26,4.726
2026-03-27,4.803
2026-03-30,4.707
2026-03-31,4.66
2026-04-01,4.601
2026-04-02,4.732
2026-04-07,4.675
2026-04-08,4.583
2026-04-09,4.628
2026-04-10,4.673
2026-04-13,4.709
2026-04-14,4.644
2026-04-15,4.621
2026-04-16,4.641
2026-04-17,4.665
2026-04-20,4.602
2026-04-21,4.581
2026-04-22,4.629
2026-04-23,4.692
2026-04-24,4.694
2026-04-27,4.695
2026-04-28,4.733
2026-04-29,4.693
2026-04-30,4.771
2026-05-01,4.724
2026-05-04,4.687
2026-05-05,4.666
2026-05-06,4.665
2026-05-07,4.642
2026-05-08,4.692
2026-05-11,4.706
2026-05-12,4.733
2026-05-13,4.739
2026-05-14,4.703
2026-05-15,4.744
2026-05-18,4.752
2026-05-19,4.693
2026-05-20,4.706
2026-05-21,4.618
2026-05-22,4.579
2026-05-25,4.562
2026-05-26,4.588
2026-05-27,4.539
2026-05-28,4.566
2026-05-29,4.52
2026-06-01,4.558
2026-06-02,4.571
2026-06-03,4.598
2026-06-04,4.598
2026-06-05,4.595
2026-06-09,4.579
2026-06-10,4.539
2026-06-11,4.531
2026-06-12,4.467
2026-06-15,4.476
2026-06-16,4.472
2026-06-17,4.437
2026-06-18,4.467
2026-06-19,4.501
2026-06-22,4.491
2026-06-23,4.442
2026-06-24,4.444
2026-06-25,4.413
2026-06-26,4.406
2026-06-29,4.43
2026-06-30,4.413
2026-07-01,4.458
2026-07-02,4.47
2026-07-03,4.444
2026-07-06,4.428
2026-07-07,4.442
2026-07-08,4.487
2026-07-09,4.483
2026-07-10,4.443
2026-07-13,4.468
2026-07-14,4.514
2026-07-15,4.501
2026-07-16,4.487
2026-07-17,4.5
2026-07-20,4.566
2026-07-21,4.539
2026-07-22,4.561
2026-07-23,4.607
2026-07-24,4.715
2026-07-27,4.625
2026-07-28,4.574
2026-07-29,4.506
2026-07-30,4.559
2026-07-31,4.509
2026-08-03,4.517
2026-08-04,4.542
2026-08-05,4.488
2026-08-06,4.504
2026-08-07,4.551
2026-08-10,4.556
2026-08-11,4.581
2026-08-12,4.568
2026-08-13,4.529
2026-08-14,4.543
2026-08-17,4.564
2026-08-18,4.608
2026-08-19,4.584
2026-08-20,4.545
2026-08-21,4.583
2026-08-24,4.549
2026-08-25,4.567
2026-08-26,4.618
2026-08-27,4.684
2026-08-28,4.673
2026-08-31,4.677
2026-09-01,4.734
2026-09-02,4.831
2026-09-03,4.771
2026-09-04,4.761
2026-09-07,4.795
2026-09-08,4.796
2026-09-09,4.835
2026-09-10,4.863
2026-09-11,5.006
2026-09-14,4.965
2026-09-15,5.055
2026-09-16,5.0
2026-09-17,4.971
2026-09-18,4.947
2026-09-21,4.981
2026-09-22,5.003
2026-09-23,4.947
2026-09-24,5.029
2026-09-25,5.018
2026-09-28,5.057
2026-09-29,4.984
2026-09-30,4.942
