reference_quarter,release_date,headline_cpi_yoy_pct,source_url,archive_format
2018-Q4,2019-01-30,1.8,https://www.abs.gov.au/AUSSTATS/abs%40.nsf/allprimarymainfeatures/97DE913203378356CA2583E5001D660C,legacy_AUSSTATS
2019-Q4,2020-01-29,1.8,https://www.abs.gov.au/statistics/economy/price-indexes-and-inflation/consumer-price-index-australia/dec-2019,modern
2020-Q1,2020-04-29,2.2,https://www.abs.gov.au/statistics/economy/price-indexes-and-inflation/consumer-price-index-australia/mar-2020,modern
2020-Q3,2020-10-28,0.7,https://www.abs.gov.au/statistics/economy/price-indexes-and-inflation/consumer-price-index-australia/sep-2020,modern
2020-Q4,2021-01-27,0.9,https://www.abs.gov.au/statistics/economy/price-indexes-and-inflation/consumer-price-index-australia/dec-2020,modern
2021-Q1,2021-04-28,1.1,https://www.abs.gov.au/statistics/economy/price-indexes-and-inflation/consumer-price-index-australia/mar-2021,modern
2021-Q2,2021-07-28,3.8,https://www.abs.gov.au/statistics/economy/price-indexes-and-inflation/consumer-price-index-australia/jun-2021,modern
2021-Q3,2021-10-27,3.0,https://www.abs.gov.au/statistics/economy/price-indexes-and-inflation/consumer-price-index-australia/sep-2021,modern
2021-Q4,2022-01-25,3.5,https://www.abs.gov.au/statistics/economy/price-indexes-and-inflation/consumer-price-index-australia/dec-2021,modern
2022-Q1,2022-04-27,5.1,https://www.abs.gov.au/statistics/economy/price-indexes-and-inflation/consumer-price-index-australia/mar-2022,modern
2022-Q2,2022-07-27,6.1,https://www.abs.gov.au/statistics/economy/price-indexes-and-inflation/consumer-price-index-australia/jun-2022,modern
2022-Q3,2022-10-26,7.3,https://www.abs.gov.au/statistics/economy/price-indexes-and-inflation/consumer-price-index-australia/sep-quarter-2022,modern
2022-Q4,2023-01-25,7.8,https://www.abs.gov.au/statistics/economy/price-indexes-and-inflation/consumer-price-index-australia/dec-quarter-2022,modern
2023-Q1,2023-04-26,7.0,https://www.abs.gov.au/statistics/economy/price-indexes-and-inflation/consumer-price-index-australia/mar-quarter-2023,modern
2023-Q2,2023-07-26,6.0,https://www.abs.gov.au/statistics/economy/price-indexes-and-inflation/consumer-price-index-australia/jun-quarter-2023,modern
2023-Q3,2023-10-25,5.4,https://www.abs.gov.au/statistics/economy/price-indexes-and-inflation/consumer-price-index-australia/sep-quarter-2023,modern
2023-Q4,2024-01-31,4.1,https://www.abs.gov.au/statistics/economy/price-indexes-and-inflation/consumer-price-index-australia/dec-quarter-2023,modern
2024-Q1,2024-04-24,3.6,https://www.abs.gov.au/statistics/economy/price-indexes-and-inflation/consumer-price-index-australia/mar-quarter-2024,modern
2024-Q2,2024-07-31,3.8,https://www.abs.gov.au/statistics/economy/price-indexes-and-inflation/consumer-price-index-australia/jun-quarter-2024,modern
2024-Q3,2024-10-30,2.8,https://www.abs.gov.au/statistics/economy/price-indexes-and-inflation/consumer-price-index-australia/sep-quarter-2024,modern
2024-Q4,2025-01-29,2.4,https://www.abs.gov.au/statistics/economy/price-indexes-and-inflation/consumer-price-index-australia/dec-quarter-2024,modern
2025-Q1,2025-04-30,2.4,https://www.abs.gov.au/statistics/economy/price-indexes-and-inflation/consumer-price-index-australia/mar-quarter-2025,modern
2025-Q2,2025-07-30,2.1,https://www.abs.gov.au/statistics/economy/price-indexes-and-inflation/consumer-price-index-australia/jun-quarter-2025,modern
2025-Q3,2025-10-29,3.2,https://www.abs.gov.au/statistics/economy/price-indexes-and-inflation/consumer-price-index-australia/sep-quarter-2025,modern
