reference_month,release_date,series,first_release_yoy_pct,source_table,source_label
2017-01,2017-02-24,CPI_COMMON_YOY,1.3,18-10-0259-01,"Measure of core inflation based on a factor model, CPI-common (year-over-year percent change)"
2017-01,2017-02-24,CPI_MEDIAN_YOY,1.9,18-10-0259-01,"Measure of core inflation based on a weighted median approach, CPI-median (year-over-year percent change)"
2017-01,2017-02-24,CPI_TRIM_YOY,1.7,18-10-0259-01,"Measure of core inflation based on a trimmed mean approach, CPI-trim (year-over-year percent change)"
2017-02,2017-03-24,CPI_COMMON_YOY,1.3,18-10-0259-01,"Measure of core inflation based on a factor model, CPI-common (year-over-year percent change)"
2017-02,2017-03-24,CPI_MEDIAN_YOY,1.9,18-10-0259-01,"Measure of core inflation based on a weighted median approach, CPI-median (year-over-year percent change)"
2017-02,2017-03-24,CPI_TRIM_YOY,1.6,18-10-0259-01,"Measure of core inflation based on a trimmed mean approach, CPI-trim (year-over-year percent change)"
2017-03,2017-04-21,CPI_COMMON_YOY,1.3,18-10-0259-01,"Measure of core inflation based on a factor model, CPI-common (year-over-year percent change)"
2017-03,2017-04-21,CPI_MEDIAN_YOY,1.7,18-10-0259-01,"Measure of core inflation based on a weighted median approach, CPI-median (year-over-year percent change)"
2017-03,2017-04-21,CPI_TRIM_YOY,1.4,18-10-0259-01,"Measure of core inflation based on a trimmed mean approach, CPI-trim (year-over-year percent change)"
2017-04,2017-05-19,CPI_COMMON_YOY,1.3,18-10-0259-01,"Measure of core inflation based on a factor model, CPI-common (year-over-year percent change)"
2017-04,2017-05-19,CPI_MEDIAN_YOY,1.6,18-10-0259-01,"Measure of core inflation based on a weighted median approach, CPI-median (year-over-year percent change)"
2017-04,2017-05-19,CPI_TRIM_YOY,1.3,18-10-0259-01,"Measure of core inflation based on a trimmed mean approach, CPI-trim (year-over-year percent change)"
2017-05,2017-06-23,CPI_COMMON_YOY,1.3,18-10-0259-01,"Measure of core inflation based on a factor model, CPI-common (year-over-year percent change)"
2017-05,2017-06-23,CPI_MEDIAN_YOY,1.5,18-10-0259-01,"Measure of core inflation based on a weighted median approach, CPI-median (year-over-year percent change)"
2017-05,2017-06-23,CPI_TRIM_YOY,1.2,18-10-0259-01,"Measure of core inflation based on a trimmed mean approach, CPI-trim (year-over-year percent change)"
2017-06,2017-07-21,CPI_COMMON_YOY,1.4,18-10-0259-01,"Measure of core inflation based on a factor model, CPI-common (year-over-year percent change)"
2017-06,2017-07-21,CPI_MEDIAN_YOY,1.6,18-10-0259-01,"Measure of core inflation based on a weighted median approach, CPI-median (year-over-year percent change)"
2017-06,2017-07-21,CPI_TRIM_YOY,1.2,18-10-0259-01,"Measure of core inflation based on a trimmed mean approach, CPI-trim (year-over-year percent change)"
2017-07,2017-08-19,CPI_COMMON_YOY,1.4,18-10-0259-01,"Measure of core inflation based on a factor model, CPI-common (year-over-year percent change)"
2017-07,2017-08-19,CPI_MEDIAN_YOY,1.7,18-10-0259-01,"Measure of core inflation based on a weighted median approach, CPI-median (year-over-year percent change)"
2017-07,2017-08-19,CPI_TRIM_YOY,1.3,18-10-0259-01,"Measure of core inflation based on a trimmed mean approach, CPI-trim (year-over-year percent change)"
2017-08,2017-09-22,CPI_COMMON_YOY,1.5,18-10-0259-01,"Measure of core inflation based on a factor model, CPI-common (year-over-year percent change)"
2017-08,2017-09-22,CPI_MEDIAN_YOY,1.7,18-10-0259-01,"Measure of core inflation based on a weighted median approach, CPI-median (year-over-year percent change)"
2017-08,2017-09-22,CPI_TRIM_YOY,1.4,18-10-0259-01,"Measure of core inflation based on a trimmed mean approach, CPI-trim (year-over-year percent change)"
2017-09,2017-10-20,CPI_COMMON_YOY,1.5,18-10-0259-01,"Measure of core inflation based on a factor model, CPI-common (year-over-year percent change)"
2017-09,2017-10-20,CPI_MEDIAN_YOY,1.8,18-10-0259-01,"Measure of core inflation based on a weighted median approach, CPI-median (year-over-year percent change)"
2017-09,2017-10-20,CPI_TRIM_YOY,1.5,18-10-0259-01,"Measure of core inflation based on a trimmed mean approach, CPI-trim (year-over-year percent change)"
2017-10,2017-11-17,CPI_COMMON_YOY,1.6,18-10-0259-01,"Measure of core inflation based on a factor model, CPI-common (year-over-year percent change)"
2017-10,2017-11-17,CPI_MEDIAN_YOY,1.7,18-10-0259-01,"Measure of core inflation based on a weighted median approach, CPI-median (year-over-year percent change)"
2017-10,2017-11-17,CPI_TRIM_YOY,1.5,18-10-0259-01,"Measure of core inflation based on a trimmed mean approach, CPI-trim (year-over-year percent change)"
2017-11,2017-12-21,CPI_COMMON_YOY,1.5,18-10-0259-01,"Measure of core inflation based on a factor model, CPI-common (year-over-year percent change)"
2017-11,2017-12-21,CPI_MEDIAN_YOY,1.9,18-10-0259-01,"Measure of core inflation based on a weighted median approach, CPI-median (year-over-year percent change)"
2017-11,2017-12-21,CPI_TRIM_YOY,1.8,18-10-0259-01,"Measure of core inflation based on a trimmed mean approach, CPI-trim (year-over-year percent change)"
2017-12,2018-01-26,CPI_COMMON_YOY,1.6,18-10-0259-01,"Measure of core inflation based on a factor model, CPI-common (year-over-year percent change)"
2017-12,2018-01-26,CPI_MEDIAN_YOY,1.9,18-10-0259-01,"Measure of core inflation based on a weighted median approach, CPI-median (year-over-year percent change)"
2017-12,2018-01-26,CPI_TRIM_YOY,1.9,18-10-0259-01,"Measure of core inflation based on a trimmed mean approach, CPI-trim (year-over-year percent change)"
2018-01,2018-02-23,CPI_COMMON_YOY,1.8,18-10-0259-01,"Measure of core inflation based on a factor model, CPI-common (year-over-year percent change)"
2018-01,2018-02-23,CPI_MEDIAN_YOY,1.9,18-10-0259-01,"Measure of core inflation based on a weighted median approach, CPI-median (year-over-year percent change)"
2018-01,2018-02-23,CPI_TRIM_YOY,1.8,18-10-0259-01,"Measure of core inflation based on a trimmed mean approach, CPI-trim (year-over-year percent change)"
2018-02,2018-03-23,CPI_COMMON_YOY,1.9,18-10-0259-01,"Measure of core inflation based on a factor model, CPI-common (year-over-year percent change)"
2018-02,2018-03-23,CPI_MEDIAN_YOY,2.1,18-10-0259-01,"Measure of core inflation based on a weighted median approach, CPI-median (year-over-year percent change)"
2018-02,2018-03-23,CPI_TRIM_YOY,2.1,18-10-0259-01,"Measure of core inflation based on a trimmed mean approach, CPI-trim (year-over-year percent change)"
2018-03,2018-04-20,CPI_COMMON_YOY,1.9,18-10-0259-01,"Measure of core inflation based on a factor model, CPI-common (year-over-year percent change)"
2018-03,2018-04-20,CPI_MEDIAN_YOY,2.1,18-10-0259-01,"Measure of core inflation based on a weighted median approach, CPI-median (year-over-year percent change)"
2018-03,2018-04-20,CPI_TRIM_YOY,2.0,18-10-0259-01,"Measure of core inflation based on a trimmed mean approach, CPI-trim (year-over-year percent change)"
2018-04,2018-05-18,CPI_COMMON_YOY,1.9,18-10-0259-01,"Measure of core inflation based on a factor model, CPI-common (year-over-year percent change)"
2018-04,2018-05-18,CPI_MEDIAN_YOY,2.1,18-10-0259-01,"Measure of core inflation based on a weighted median approach, CPI-median (year-over-year percent change)"
2018-04,2018-05-18,CPI_TRIM_YOY,2.1,18-10-0259-01,"Measure of core inflation based on a trimmed mean approach, CPI-trim (year-over-year percent change)"
2018-05,2018-06-22,CPI_COMMON_YOY,1.9,18-10-0259-01,"Measure of core inflation based on a factor model, CPI-common (year-over-year percent change)"
2018-05,2018-06-22,CPI_MEDIAN_YOY,1.9,18-10-0259-01,"Measure of core inflation based on a weighted median approach, CPI-median (year-over-year percent change)"
2018-05,2018-06-22,CPI_TRIM_YOY,1.9,18-10-0259-01,"Measure of core inflation based on a trimmed mean approach, CPI-trim (year-over-year percent change)"
2018-06,2018-07-20,CPI_COMMON_YOY,1.9,18-10-0259-01,"Measure of core inflation based on a factor model, CPI-common (year-over-year percent change)"
2018-06,2018-07-20,CPI_MEDIAN_YOY,2.0,18-10-0259-01,"Measure of core inflation based on a weighted median approach, CPI-median (year-over-year percent change)"
2018-06,2018-07-20,CPI_TRIM_YOY,2.0,18-10-0259-01,"Measure of core inflation based on a trimmed mean approach, CPI-trim (year-over-year percent change)"
2018-07,2018-08-17,CPI_COMMON_YOY,1.9,18-10-0259-01,"Measure of core inflation based on a factor model, CPI-common (year-over-year percent change)"
2018-07,2018-08-17,CPI_MEDIAN_YOY,2.0,18-10-0259-01,"Measure of core inflation based on a weighted median approach, CPI-median (year-over-year percent change)"
2018-07,2018-08-17,CPI_TRIM_YOY,2.1,18-10-0259-01,"Measure of core inflation based on a trimmed mean approach, CPI-trim (year-over-year percent change)"
2018-08,2018-09-21,CPI_COMMON_YOY,2.0,18-10-0259-01,"Measure of core inflation based on a factor model, CPI-common (year-over-year percent change)"
2018-08,2018-09-21,CPI_MEDIAN_YOY,2.1,18-10-0259-01,"Measure of core inflation based on a weighted median approach, CPI-median (year-over-year percent change)"
2018-08,2018-09-21,CPI_TRIM_YOY,2.2,18-10-0259-01,"Measure of core inflation based on a trimmed mean approach, CPI-trim (year-over-year percent change)"
2018-09,2018-10-19,CPI_COMMON_YOY,1.9,18-10-0259-01,"Measure of core inflation based on a factor model, CPI-common (year-over-year percent change)"
2018-09,2018-10-19,CPI_MEDIAN_YOY,2.0,18-10-0259-01,"Measure of core inflation based on a weighted median approach, CPI-median (year-over-year percent change)"
2018-09,2018-10-19,CPI_TRIM_YOY,2.1,18-10-0259-01,"Measure of core inflation based on a trimmed mean approach, CPI-trim (year-over-year percent change)"
2018-10,2018-11-23,CPI_COMMON_YOY,1.9,18-10-0259-01,"Measure of core inflation based on a factor model, CPI-common (year-over-year percent change)"
2018-10,2018-11-23,CPI_MEDIAN_YOY,2.0,18-10-0259-01,"Measure of core inflation based on a weighted median approach, CPI-median (year-over-year percent change)"
2018-10,2018-11-23,CPI_TRIM_YOY,2.1,18-10-0259-01,"Measure of core inflation based on a trimmed mean approach, CPI-trim (year-over-year percent change)"
2018-11,2018-12-19,CPI_COMMON_YOY,1.9,18-10-0259-01,"Measure of core inflation based on a factor model, CPI-common (year-over-year percent change)"
2018-11,2018-12-19,CPI_MEDIAN_YOY,1.9,18-10-0259-01,"Measure of core inflation based on a weighted median approach, CPI-median (year-over-year percent change)"
2018-11,2018-12-19,CPI_TRIM_YOY,1.9,18-10-0259-01,"Measure of core inflation based on a trimmed mean approach, CPI-trim (year-over-year percent change)"
2018-12,2019-01-18,CPI_COMMON_YOY,1.9,18-10-0259-01,"Measure of core inflation based on a factor model, CPI-common (year-over-year percent change)"
2018-12,2019-01-18,CPI_MEDIAN_YOY,1.8,18-10-0259-01,"Measure of core inflation based on a weighted median approach, CPI-median (year-over-year percent change)"
2018-12,2019-01-18,CPI_TRIM_YOY,1.9,18-10-0259-01,"Measure of core inflation based on a trimmed mean approach, CPI-trim (year-over-year percent change)"
2019-01,2019-02-27,CPI_COMMON_YOY,1.9,18-10-0259-01,"Measure of core inflation based on a factor model, CPI-common (year-over-year percent change)"
2019-01,2019-02-27,CPI_MEDIAN_YOY,1.8,18-10-0259-01,"Measure of core inflation based on a weighted median approach, CPI-median (year-over-year percent change)"
2019-01,2019-02-27,CPI_TRIM_YOY,1.9,18-10-0259-01,"Measure of core inflation based on a trimmed mean approach, CPI-trim (year-over-year percent change)"
2019-02,2019-03-22,CPI_COMMON_YOY,1.8,18-10-0259-01,"Measure of core inflation based on a factor model, CPI-common (year-over-year percent change)"
2019-02,2019-03-22,CPI_MEDIAN_YOY,1.8,18-10-0259-01,"Measure of core inflation based on a weighted median approach, CPI-median (year-over-year percent change)"
2019-02,2019-03-22,CPI_TRIM_YOY,1.9,18-10-0259-01,"Measure of core inflation based on a trimmed mean approach, CPI-trim (year-over-year percent change)"
2019-03,2019-04-17,CPI_COMMON_YOY,1.8,18-10-0259-01,"Measure of core inflation based on a factor model, CPI-common (year-over-year percent change)"
2019-03,2019-04-17,CPI_MEDIAN_YOY,2.0,18-10-0259-01,"Measure of core inflation based on a weighted median approach, CPI-median (year-over-year percent change)"
2019-03,2019-04-17,CPI_TRIM_YOY,2.1,18-10-0259-01,"Measure of core inflation based on a trimmed mean approach, CPI-trim (year-over-year percent change)"
2019-04,2019-05-15,CPI_COMMON_YOY,1.8,18-10-0259-01,"Measure of core inflation based on a factor model, CPI-common (year-over-year percent change)"
2019-04,2019-05-15,CPI_MEDIAN_YOY,1.9,18-10-0259-01,"Measure of core inflation based on a weighted median approach, CPI-median (year-over-year percent change)"
2019-04,2019-05-15,CPI_TRIM_YOY,2.0,18-10-0259-01,"Measure of core inflation based on a trimmed mean approach, CPI-trim (year-over-year percent change)"
2019-05,2019-06-19,CPI_COMMON_YOY,1.8,18-10-0259-01,"Measure of core inflation based on a factor model, CPI-common (year-over-year percent change)"
2019-05,2019-06-19,CPI_MEDIAN_YOY,2.1,18-10-0259-01,"Measure of core inflation based on a weighted median approach, CPI-median (year-over-year percent change)"
2019-05,2019-06-19,CPI_TRIM_YOY,2.3,18-10-0259-01,"Measure of core inflation based on a trimmed mean approach, CPI-trim (year-over-year percent change)"
2019-06,2019-07-17,CPI_COMMON_YOY,1.8,18-10-0259-01,"Measure of core inflation based on a factor model, CPI-common (year-over-year percent change)"
2019-06,2019-07-17,CPI_MEDIAN_YOY,2.2,18-10-0259-01,"Measure of core inflation based on a weighted median approach, CPI-median (year-over-year percent change)"
2019-06,2019-07-17,CPI_TRIM_YOY,2.1,18-10-0259-01,"Measure of core inflation based on a trimmed mean approach, CPI-trim (year-over-year percent change)"
2019-07,2019-08-21,CPI_COMMON_YOY,1.9,18-10-0259-01,"Measure of core inflation based on a factor model, CPI-common (year-over-year percent change)"
2019-07,2019-08-21,CPI_MEDIAN_YOY,2.1,18-10-0259-01,"Measure of core inflation based on a weighted median approach, CPI-median (year-over-year percent change)"
2019-07,2019-08-21,CPI_TRIM_YOY,2.1,18-10-0259-01,"Measure of core inflation based on a trimmed mean approach, CPI-trim (year-over-year percent change)"
2019-08,2019-09-18,CPI_COMMON_YOY,1.8,18-10-0259-01,"Measure of core inflation based on a factor model, CPI-common (year-over-year percent change)"
2019-08,2019-09-18,CPI_MEDIAN_YOY,2.1,18-10-0259-01,"Measure of core inflation based on a weighted median approach, CPI-median (year-over-year percent change)"
2019-08,2019-09-18,CPI_TRIM_YOY,2.1,18-10-0259-01,"Measure of core inflation based on a trimmed mean approach, CPI-trim (year-over-year percent change)"
2019-09,2019-10-16,CPI_COMMON_YOY,1.9,18-10-0259-01,"Measure of core inflation based on a factor model, CPI-common (year-over-year percent change)"
2019-09,2019-10-16,CPI_MEDIAN_YOY,2.2,18-10-0259-01,"Measure of core inflation based on a weighted median approach, CPI-median (year-over-year percent change)"
2019-09,2019-10-16,CPI_TRIM_YOY,2.1,18-10-0259-01,"Measure of core inflation based on a trimmed mean approach, CPI-trim (year-over-year percent change)"
2019-10,2019-11-20,CPI_COMMON_YOY,1.9,18-10-0259-01,"Measure of core inflation based on a factor model, CPI-common (year-over-year percent change)"
2019-10,2019-11-20,CPI_MEDIAN_YOY,2.2,18-10-0259-01,"Measure of core inflation based on a weighted median approach, CPI-median (year-over-year percent change)"
2019-10,2019-11-20,CPI_TRIM_YOY,2.1,18-10-0259-01,"Measure of core inflation based on a trimmed mean approach, CPI-trim (year-over-year percent change)"
2019-11,2019-12-18,CPI_COMMON_YOY,1.9,18-10-0259-01,"Measure of core inflation based on a factor model, CPI-common (year-over-year percent change)"
2019-11,2019-12-18,CPI_MEDIAN_YOY,2.4,18-10-0259-01,"Measure of core inflation based on a weighted median approach, CPI-median (year-over-year percent change)"
2019-11,2019-12-18,CPI_TRIM_YOY,2.2,18-10-0259-01,"Measure of core inflation based on a trimmed mean approach, CPI-trim (year-over-year percent change)"
2019-12,2020-01-22,CPI_COMMON_YOY,2.0,18-10-0259-01,"Measure of core inflation based on a factor model, CPI-common (year-over-year percent change)"
2019-12,2020-01-22,CPI_MEDIAN_YOY,2.2,18-10-0259-01,"Measure of core inflation based on a weighted median approach, CPI-median (year-over-year percent change)"
2019-12,2020-01-22,CPI_TRIM_YOY,2.1,18-10-0259-01,"Measure of core inflation based on a trimmed mean approach, CPI-trim (year-over-year percent change)"
2020-01,2020-02-19,CPI_COMMON_YOY,1.8,18-10-0259-01,"Measure of core inflation based on a factor model, CPI-common (year-over-year percent change)"
2020-01,2020-02-19,CPI_MEDIAN_YOY,2.2,18-10-0259-01,"Measure of core inflation based on a weighted median approach, CPI-median (year-over-year percent change)"
2020-01,2020-02-19,CPI_TRIM_YOY,2.1,18-10-0259-01,"Measure of core inflation based on a trimmed mean approach, CPI-trim (year-over-year percent change)"
2020-02,2020-03-18,CPI_COMMON_YOY,1.8,18-10-0259-01,"Measure of core inflation based on a factor model, CPI-common (year-over-year percent change)"
2020-02,2020-03-18,CPI_MEDIAN_YOY,2.1,18-10-0259-01,"Measure of core inflation based on a weighted median approach, CPI-median (year-over-year percent change)"
2020-02,2020-03-18,CPI_TRIM_YOY,2.0,18-10-0259-01,"Measure of core inflation based on a trimmed mean approach, CPI-trim (year-over-year percent change)"
2020-03,2020-04-22,CPI_COMMON_YOY,1.7,18-10-0259-01,"Measure of core inflation based on a factor model, CPI-common (year-over-year percent change)"
2020-03,2020-04-22,CPI_MEDIAN_YOY,2.0,18-10-0259-01,"Measure of core inflation based on a weighted median approach, CPI-median (year-over-year percent change)"
2020-03,2020-04-22,CPI_TRIM_YOY,1.8,18-10-0259-01,"Measure of core inflation based on a trimmed mean approach, CPI-trim (year-over-year percent change)"
2020-04,2020-05-20,CPI_COMMON_YOY,1.6,18-10-0259-01,"Measure of core inflation based on a factor model, CPI-common (year-over-year percent change)"
2020-04,2020-05-20,CPI_MEDIAN_YOY,2.0,18-10-0259-01,"Measure of core inflation based on a weighted median approach, CPI-median (year-over-year percent change)"
2020-04,2020-05-20,CPI_TRIM_YOY,1.8,18-10-0259-01,"Measure of core inflation based on a trimmed mean approach, CPI-trim (year-over-year percent change)"
2020-05,2020-06-17,CPI_COMMON_YOY,1.4,18-10-0259-01,"Measure of core inflation based on a factor model, CPI-common (year-over-year percent change)"
2020-05,2020-06-17,CPI_MEDIAN_YOY,1.9,18-10-0259-01,"Measure of core inflation based on a weighted median approach, CPI-median (year-over-year percent change)"
2020-05,2020-06-17,CPI_TRIM_YOY,1.7,18-10-0259-01,"Measure of core inflation based on a trimmed mean approach, CPI-trim (year-over-year percent change)"
2020-06,2020-07-22,CPI_COMMON_YOY,1.5,18-10-0259-01,"Measure of core inflation based on a factor model, CPI-common (year-over-year percent change)"
2020-06,2020-07-22,CPI_MEDIAN_YOY,1.9,18-10-0259-01,"Measure of core inflation based on a weighted median approach, CPI-median (year-over-year percent change)"
2020-06,2020-07-22,CPI_TRIM_YOY,1.8,18-10-0259-01,"Measure of core inflation based on a trimmed mean approach, CPI-trim (year-over-year percent change)"
2020-07,2020-08-19,CPI_COMMON_YOY,1.3,18-10-0259-01,"Measure of core inflation based on a factor model, CPI-common (year-over-year percent change)"
2020-07,2020-08-19,CPI_MEDIAN_YOY,1.9,18-10-0259-01,"Measure of core inflation based on a weighted median approach, CPI-median (year-over-year percent change)"
2020-07,2020-08-19,CPI_TRIM_YOY,1.7,18-10-0259-01,"Measure of core inflation based on a trimmed mean approach, CPI-trim (year-over-year percent change)"
2020-08,2020-09-16,CPI_COMMON_YOY,1.5,18-10-0259-01,"Measure of core inflation based on a factor model, CPI-common (year-over-year percent change)"
2020-08,2020-09-16,CPI_MEDIAN_YOY,1.9,18-10-0259-01,"Measure of core inflation based on a weighted median approach, CPI-median (year-over-year percent change)"
2020-08,2020-09-16,CPI_TRIM_YOY,1.7,18-10-0259-01,"Measure of core inflation based on a trimmed mean approach, CPI-trim (year-over-year percent change)"
2020-09,2020-10-21,CPI_COMMON_YOY,1.5,18-10-0259-01,"Measure of core inflation based on a factor model, CPI-common (year-over-year percent change)"
2020-09,2020-10-21,CPI_MEDIAN_YOY,1.9,18-10-0259-01,"Measure of core inflation based on a weighted median approach, CPI-median (year-over-year percent change)"
2020-09,2020-10-21,CPI_TRIM_YOY,1.8,18-10-0259-01,"Measure of core inflation based on a trimmed mean approach, CPI-trim (year-over-year percent change)"
2020-10,2020-11-18,CPI_COMMON_YOY,1.6,18-10-0259-01,"Measure of core inflation based on a factor model, CPI-common (year-over-year percent change)"
2020-10,2020-11-18,CPI_MEDIAN_YOY,1.9,18-10-0259-01,"Measure of core inflation based on a weighted median approach, CPI-median (year-over-year percent change)"
2020-10,2020-11-18,CPI_TRIM_YOY,1.8,18-10-0259-01,"Measure of core inflation based on a trimmed mean approach, CPI-trim (year-over-year percent change)"
2020-11,2020-12-16,CPI_COMMON_YOY,1.5,18-10-0259-01,"Measure of core inflation based on a factor model, CPI-common (year-over-year percent change)"
2020-11,2020-12-16,CPI_MEDIAN_YOY,1.9,18-10-0259-01,"Measure of core inflation based on a weighted median approach, CPI-median (year-over-year percent change)"
2020-11,2020-12-16,CPI_TRIM_YOY,1.7,18-10-0259-01,"Measure of core inflation based on a trimmed mean approach, CPI-trim (year-over-year percent change)"
2020-12,2021-01-20,CPI_COMMON_YOY,1.3,18-10-0259-01,"Measure of core inflation based on a factor model, CPI-common (year-over-year percent change)"
2020-12,2021-01-20,CPI_MEDIAN_YOY,1.8,18-10-0259-01,"Measure of core inflation based on a weighted median approach, CPI-median (year-over-year percent change)"
2020-12,2021-01-20,CPI_TRIM_YOY,1.6,18-10-0259-01,"Measure of core inflation based on a trimmed mean approach, CPI-trim (year-over-year percent change)"
2021-01,2021-02-22,CPI_COMMON_YOY,1.3,18-10-0259-01,"Measure of core inflation based on a factor model, CPI-common (year-over-year percent change)"
2021-01,2021-02-22,CPI_MEDIAN_YOY,2.0,18-10-0259-01,"Measure of core inflation based on a weighted median approach, CPI-median (year-over-year percent change)"
2021-01,2021-02-22,CPI_TRIM_YOY,2.0,18-10-0259-01,"Measure of core inflation based on a trimmed mean approach, CPI-trim (year-over-year percent change)"
2021-02,2021-03-17,CPI_COMMON_YOY,1.3,18-10-0259-01,"Measure of core inflation based on a factor model, CPI-common (year-over-year percent change)"
2021-02,2021-03-17,CPI_MEDIAN_YOY,2.0,18-10-0259-01,"Measure of core inflation based on a weighted median approach, CPI-median (year-over-year percent change)"
2021-02,2021-03-17,CPI_TRIM_YOY,1.9,18-10-0259-01,"Measure of core inflation based on a trimmed mean approach, CPI-trim (year-over-year percent change)"
2021-03,2021-04-21,CPI_COMMON_YOY,1.5,18-10-0259-01,"Measure of core inflation based on a factor model, CPI-common (year-over-year percent change)"
2021-03,2021-04-21,CPI_MEDIAN_YOY,2.1,18-10-0259-01,"Measure of core inflation based on a weighted median approach, CPI-median (year-over-year percent change)"
2021-03,2021-04-21,CPI_TRIM_YOY,2.2,18-10-0259-01,"Measure of core inflation based on a trimmed mean approach, CPI-trim (year-over-year percent change)"
2021-04,2021-05-19,CPI_COMMON_YOY,1.7,18-10-0259-01,"Measure of core inflation based on a factor model, CPI-common (year-over-year percent change)"
2021-04,2021-05-19,CPI_MEDIAN_YOY,2.3,18-10-0259-01,"Measure of core inflation based on a weighted median approach, CPI-median (year-over-year percent change)"
2021-04,2021-05-19,CPI_TRIM_YOY,2.3,18-10-0259-01,"Measure of core inflation based on a trimmed mean approach, CPI-trim (year-over-year percent change)"
2021-05,2021-06-16,CPI_COMMON_YOY,1.8,18-10-0259-01,"Measure of core inflation based on a factor model, CPI-common (year-over-year percent change)"
2021-05,2021-06-16,CPI_MEDIAN_YOY,2.4,18-10-0259-01,"Measure of core inflation based on a weighted median approach, CPI-median (year-over-year percent change)"
2021-05,2021-06-16,CPI_TRIM_YOY,2.7,18-10-0259-01,"Measure of core inflation based on a trimmed mean approach, CPI-trim (year-over-year percent change)"
2021-06,2021-07-28,CPI_COMMON_YOY,1.7,18-10-0259-01,"Measure of core inflation based on a factor model, CPI-common (year-over-year percent change)"
2021-06,2021-07-28,CPI_MEDIAN_YOY,2.4,18-10-0259-01,"Measure of core inflation based on a weighted median approach, CPI-median (year-over-year percent change)"
2021-06,2021-07-28,CPI_TRIM_YOY,2.6,18-10-0259-01,"Measure of core inflation based on a trimmed mean approach, CPI-trim (year-over-year percent change)"
2021-07,2021-08-18,CPI_COMMON_YOY,1.7,18-10-0259-01,"Measure of core inflation based on a factor model, CPI-common (year-over-year percent change)"
2021-07,2021-08-18,CPI_MEDIAN_YOY,2.6,18-10-0259-01,"Measure of core inflation based on a weighted median approach, CPI-median (year-over-year percent change)"
2021-07,2021-08-18,CPI_TRIM_YOY,3.1,18-10-0259-01,"Measure of core inflation based on a trimmed mean approach, CPI-trim (year-over-year percent change)"
2021-08,2021-09-15,CPI_COMMON_YOY,1.8,18-10-0259-01,"Measure of core inflation based on a factor model, CPI-common (year-over-year percent change)"
2021-08,2021-09-15,CPI_MEDIAN_YOY,2.6,18-10-0259-01,"Measure of core inflation based on a weighted median approach, CPI-median (year-over-year percent change)"
2021-08,2021-09-15,CPI_TRIM_YOY,3.3,18-10-0259-01,"Measure of core inflation based on a trimmed mean approach, CPI-trim (year-over-year percent change)"
2021-09,2021-10-20,CPI_COMMON_YOY,1.8,18-10-0259-01,"Measure of core inflation based on a factor model, CPI-common (year-over-year percent change)"
2021-09,2021-10-20,CPI_MEDIAN_YOY,2.8,18-10-0259-01,"Measure of core inflation based on a weighted median approach, CPI-median (year-over-year percent change)"
2021-09,2021-10-20,CPI_TRIM_YOY,3.4,18-10-0259-01,"Measure of core inflation based on a trimmed mean approach, CPI-trim (year-over-year percent change)"
2021-10,2021-11-17,CPI_COMMON_YOY,1.8,18-10-0259-01,"Measure of core inflation based on a factor model, CPI-common (year-over-year percent change)"
2021-10,2021-11-17,CPI_MEDIAN_YOY,2.9,18-10-0259-01,"Measure of core inflation based on a weighted median approach, CPI-median (year-over-year percent change)"
2021-10,2021-11-17,CPI_TRIM_YOY,3.3,18-10-0259-01,"Measure of core inflation based on a trimmed mean approach, CPI-trim (year-over-year percent change)"
2021-11,2021-12-15,CPI_COMMON_YOY,2.0,18-10-0259-01,"Measure of core inflation based on a factor model, CPI-common (year-over-year percent change)"
2021-11,2021-12-15,CPI_MEDIAN_YOY,2.8,18-10-0259-01,"Measure of core inflation based on a weighted median approach, CPI-median (year-over-year percent change)"
2021-11,2021-12-15,CPI_TRIM_YOY,3.4,18-10-0259-01,"Measure of core inflation based on a trimmed mean approach, CPI-trim (year-over-year percent change)"
2021-12,2022-01-19,CPI_COMMON_YOY,2.1,18-10-0259-01,"Measure of core inflation based on a factor model, CPI-common (year-over-year percent change)"
2021-12,2022-01-19,CPI_MEDIAN_YOY,3.0,18-10-0259-01,"Measure of core inflation based on a weighted median approach, CPI-median (year-over-year percent change)"
2021-12,2022-01-19,CPI_TRIM_YOY,3.7,18-10-0259-01,"Measure of core inflation based on a trimmed mean approach, CPI-trim (year-over-year percent change)"
2022-01,2022-02-16,CPI_COMMON_YOY,2.3,18-10-0259-01,"Measure of core inflation based on a factor model, CPI-common (year-over-year percent change)"
2022-01,2022-02-16,CPI_MEDIAN_YOY,3.3,18-10-0259-01,"Measure of core inflation based on a weighted median approach, CPI-median (year-over-year percent change)"
2022-01,2022-02-16,CPI_TRIM_YOY,4.0,18-10-0259-01,"Measure of core inflation based on a trimmed mean approach, CPI-trim (year-over-year percent change)"
2022-02,2022-03-16,CPI_COMMON_YOY,2.6,18-10-0259-01,"Measure of core inflation based on a factor model, CPI-common (year-over-year percent change)"
2022-02,2022-03-16,CPI_MEDIAN_YOY,3.5,18-10-0259-01,"Measure of core inflation based on a weighted median approach, CPI-median (year-over-year percent change)"
2022-02,2022-03-16,CPI_TRIM_YOY,4.3,18-10-0259-01,"Measure of core inflation based on a trimmed mean approach, CPI-trim (year-over-year percent change)"
2022-03,2022-04-20,CPI_COMMON_YOY,2.8,18-10-0259-01,"Measure of core inflation based on a factor model, CPI-common (year-over-year percent change)"
2022-03,2022-04-20,CPI_MEDIAN_YOY,3.8,18-10-0259-01,"Measure of core inflation based on a weighted median approach, CPI-median (year-over-year percent change)"
2022-03,2022-04-20,CPI_TRIM_YOY,4.7,18-10-0259-01,"Measure of core inflation based on a trimmed mean approach, CPI-trim (year-over-year percent change)"
2022-04,2022-05-18,CPI_COMMON_YOY,3.2,18-10-0259-01,"Measure of core inflation based on a factor model, CPI-common (year-over-year percent change)"
2022-04,2022-05-18,CPI_MEDIAN_YOY,4.4,18-10-0259-01,"Measure of core inflation based on a weighted median approach, CPI-median (year-over-year percent change)"
2022-04,2022-05-18,CPI_TRIM_YOY,5.1,18-10-0259-01,"Measure of core inflation based on a trimmed mean approach, CPI-trim (year-over-year percent change)"
2022-05,2022-06-22,CPI_COMMON_YOY,3.9,18-10-0259-01,"Measure of core inflation based on a factor model, CPI-common (year-over-year percent change)"
2022-05,2022-06-22,CPI_MEDIAN_YOY,4.9,18-10-0259-01,"Measure of core inflation based on a weighted median approach, CPI-median (year-over-year percent change)"
2022-05,2022-06-22,CPI_TRIM_YOY,5.4,18-10-0259-01,"Measure of core inflation based on a trimmed mean approach, CPI-trim (year-over-year percent change)"
2022-06,2022-07-20,CPI_COMMON_YOY,4.6,18-10-0259-01,"Measure of core inflation based on a factor model, CPI-common (year-over-year percent change)"
2022-06,2022-07-20,CPI_MEDIAN_YOY,4.9,18-10-0259-01,"Measure of core inflation based on a weighted median approach, CPI-median (year-over-year percent change)"
2022-06,2022-07-20,CPI_TRIM_YOY,5.5,18-10-0259-01,"Measure of core inflation based on a trimmed mean approach, CPI-trim (year-over-year percent change)"
2022-07,2022-08-16,CPI_COMMON_YOY,5.5,18-10-0259-01,"Measure of core inflation based on a factor model, CPI-common (year-over-year percent change)"
2022-07,2022-08-16,CPI_MEDIAN_YOY,5.0,18-10-0259-01,"Measure of core inflation based on a weighted median approach, CPI-median (year-over-year percent change)"
2022-07,2022-08-16,CPI_TRIM_YOY,5.4,18-10-0259-01,"Measure of core inflation based on a trimmed mean approach, CPI-trim (year-over-year percent change)"
2022-08,2022-09-20,CPI_COMMON_YOY,5.7,18-10-0259-01,"Measure of core inflation based on a factor model, CPI-common (year-over-year percent change)"
2022-08,2022-09-20,CPI_MEDIAN_YOY,4.8,18-10-0259-01,"Measure of core inflation based on a weighted median approach, CPI-median (year-over-year percent change)"
2022-08,2022-09-20,CPI_TRIM_YOY,5.2,18-10-0259-01,"Measure of core inflation based on a trimmed mean approach, CPI-trim (year-over-year percent change)"
2022-09,2022-10-19,CPI_COMMON_YOY,6.0,18-10-0259-01,"Measure of core inflation based on a factor model, CPI-common (year-over-year percent change)"
2022-09,2022-10-19,CPI_MEDIAN_YOY,4.7,18-10-0259-01,"Measure of core inflation based on a weighted median approach, CPI-median (year-over-year percent change)"
2022-09,2022-10-19,CPI_TRIM_YOY,5.2,18-10-0259-01,"Measure of core inflation based on a trimmed mean approach, CPI-trim (year-over-year percent change)"
2022-10,2022-11-16,CPI_COMMON_YOY,6.2,18-10-0259-01,"Measure of core inflation based on a factor model, CPI-common (year-over-year percent change)"
2022-10,2022-11-16,CPI_MEDIAN_YOY,4.8,18-10-0259-01,"Measure of core inflation based on a weighted median approach, CPI-median (year-over-year percent change)"
2022-10,2022-11-16,CPI_TRIM_YOY,5.3,18-10-0259-01,"Measure of core inflation based on a trimmed mean approach, CPI-trim (year-over-year percent change)"
2022-11,2022-12-21,CPI_COMMON_YOY,6.7,18-10-0259-01,"Measure of core inflation based on a factor model, CPI-common (year-over-year percent change)"
2022-11,2022-12-21,CPI_MEDIAN_YOY,5.0,18-10-0259-01,"Measure of core inflation based on a weighted median approach, CPI-median (year-over-year percent change)"
2022-11,2022-12-21,CPI_TRIM_YOY,5.3,18-10-0259-01,"Measure of core inflation based on a trimmed mean approach, CPI-trim (year-over-year percent change)"
2022-12,2023-01-17,CPI_COMMON_YOY,6.6,18-10-0259-01,"Measure of core inflation based on a factor model, CPI-common (year-over-year percent change)"
2022-12,2023-01-17,CPI_MEDIAN_YOY,5.0,18-10-0259-01,"Measure of core inflation based on a weighted median approach, CPI-median (year-over-year percent change)"
2022-12,2023-01-17,CPI_TRIM_YOY,5.3,18-10-0259-01,"Measure of core inflation based on a trimmed mean approach, CPI-trim (year-over-year percent change)"
2023-01,2023-02-21,CPI_COMMON_YOY,6.6,18-10-0259-01,"Measure of core inflation based on a factor model, CPI-common (year-over-year percent change)"
2023-01,2023-02-21,CPI_MEDIAN_YOY,5.0,18-10-0259-01,"Measure of core inflation based on a weighted median approach, CPI-median (year-over-year percent change)"
2023-01,2023-02-21,CPI_TRIM_YOY,5.1,18-10-0259-01,"Measure of core inflation based on a trimmed mean approach, CPI-trim (year-over-year percent change)"
2023-02,2023-03-21,CPI_COMMON_YOY,6.4,18-10-0259-01,"Measure of core inflation based on a factor model, CPI-common (year-over-year percent change)"
2023-02,2023-03-21,CPI_MEDIAN_YOY,4.9,18-10-0259-01,"Measure of core inflation based on a weighted median approach, CPI-median (year-over-year percent change)"
2023-02,2023-03-21,CPI_TRIM_YOY,4.8,18-10-0259-01,"Measure of core inflation based on a trimmed mean approach, CPI-trim (year-over-year percent change)"
2023-03,2023-04-18,CPI_COMMON_YOY,5.9,18-10-0259-01,"Measure of core inflation based on a factor model, CPI-common (year-over-year percent change)"
2023-03,2023-04-18,CPI_MEDIAN_YOY,4.6,18-10-0259-01,"Measure of core inflation based on a weighted median approach, CPI-median (year-over-year percent change)"
2023-03,2023-04-18,CPI_TRIM_YOY,4.4,18-10-0259-01,"Measure of core inflation based on a trimmed mean approach, CPI-trim (year-over-year percent change)"
2023-04,2023-05-16,CPI_COMMON_YOY,5.7,18-10-0259-01,"Measure of core inflation based on a factor model, CPI-common (year-over-year percent change)"
2023-04,2023-05-16,CPI_MEDIAN_YOY,4.2,18-10-0259-01,"Measure of core inflation based on a weighted median approach, CPI-median (year-over-year percent change)"
2023-04,2023-05-16,CPI_TRIM_YOY,4.2,18-10-0259-01,"Measure of core inflation based on a trimmed mean approach, CPI-trim (year-over-year percent change)"
2023-05,2023-06-27,CPI_COMMON_YOY,5.2,18-10-0259-01,"Measure of core inflation based on a factor model, CPI-common (year-over-year percent change)"
2023-05,2023-06-27,CPI_MEDIAN_YOY,3.9,18-10-0259-01,"Measure of core inflation based on a weighted median approach, CPI-median (year-over-year percent change)"
2023-05,2023-06-27,CPI_TRIM_YOY,3.8,18-10-0259-01,"Measure of core inflation based on a trimmed mean approach, CPI-trim (year-over-year percent change)"
2023-06,2023-07-18,CPI_COMMON_YOY,5.1,18-10-0259-01,"Measure of core inflation based on a factor model, CPI-common (year-over-year percent change)"
2023-06,2023-07-18,CPI_MEDIAN_YOY,3.9,18-10-0259-01,"Measure of core inflation based on a weighted median approach, CPI-median (year-over-year percent change)"
2023-06,2023-07-18,CPI_TRIM_YOY,3.7,18-10-0259-01,"Measure of core inflation based on a trimmed mean approach, CPI-trim (year-over-year percent change)"
2023-07,2023-08-15,CPI_COMMON_YOY,4.8,18-10-0259-01,"Measure of core inflation based on a factor model, CPI-common (year-over-year percent change)"
2023-07,2023-08-15,CPI_MEDIAN_YOY,3.7,18-10-0259-01,"Measure of core inflation based on a weighted median approach, CPI-median (year-over-year percent change)"
2023-07,2023-08-15,CPI_TRIM_YOY,3.6,18-10-0259-01,"Measure of core inflation based on a trimmed mean approach, CPI-trim (year-over-year percent change)"
2023-08,2023-09-19,CPI_COMMON_YOY,4.8,18-10-0259-01,"Measure of core inflation based on a factor model, CPI-common (year-over-year percent change)"
2023-08,2023-09-19,CPI_MEDIAN_YOY,4.1,18-10-0259-01,"Measure of core inflation based on a weighted median approach, CPI-median (year-over-year percent change)"
2023-08,2023-09-19,CPI_TRIM_YOY,3.9,18-10-0259-01,"Measure of core inflation based on a trimmed mean approach, CPI-trim (year-over-year percent change)"
2023-09,2023-10-17,CPI_COMMON_YOY,4.4,18-10-0259-01,"Measure of core inflation based on a factor model, CPI-common (year-over-year percent change)"
2023-09,2023-10-17,CPI_MEDIAN_YOY,3.8,18-10-0259-01,"Measure of core inflation based on a weighted median approach, CPI-median (year-over-year percent change)"
2023-09,2023-10-17,CPI_TRIM_YOY,3.7,18-10-0259-01,"Measure of core inflation based on a trimmed mean approach, CPI-trim (year-over-year percent change)"
2023-10,2023-11-21,CPI_COMMON_YOY,4.2,18-10-0259-01,"Measure of core inflation based on a factor model, CPI-common (year-over-year percent change)"
2023-10,2023-11-21,CPI_MEDIAN_YOY,3.6,18-10-0259-01,"Measure of core inflation based on a weighted median approach, CPI-median (year-over-year percent change)"
2023-10,2023-11-21,CPI_TRIM_YOY,3.5,18-10-0259-01,"Measure of core inflation based on a trimmed mean approach, CPI-trim (year-over-year percent change)"
2023-11,2023-12-19,CPI_COMMON_YOY,3.9,18-10-0259-01,"Measure of core inflation based on a factor model, CPI-common (year-over-year percent change)"
2023-11,2023-12-19,CPI_MEDIAN_YOY,3.4,18-10-0259-01,"Measure of core inflation based on a weighted median approach, CPI-median (year-over-year percent change)"
2023-11,2023-12-19,CPI_TRIM_YOY,3.5,18-10-0259-01,"Measure of core inflation based on a trimmed mean approach, CPI-trim (year-over-year percent change)"
2023-12,2024-01-16,CPI_COMMON_YOY,3.9,18-10-0259-01,"Measure of core inflation based on a factor model, CPI-common (year-over-year percent change)"
2023-12,2024-01-16,CPI_MEDIAN_YOY,3.6,18-10-0259-01,"Measure of core inflation based on a weighted median approach, CPI-median (year-over-year percent change)"
2023-12,2024-01-16,CPI_TRIM_YOY,3.7,18-10-0259-01,"Measure of core inflation based on a trimmed mean approach, CPI-trim (year-over-year percent change)"
2024-01,2024-02-20,CPI_COMMON_YOY,3.4,18-10-0259-01,"Measure of core inflation based on a factor model, CPI-common (year-over-year percent change)"
2024-01,2024-02-20,CPI_MEDIAN_YOY,3.3,18-10-0259-01,"Measure of core inflation based on a weighted median approach, CPI-median (year-over-year percent change)"
2024-01,2024-02-20,CPI_TRIM_YOY,3.4,18-10-0259-01,"Measure of core inflation based on a trimmed mean approach, CPI-trim (year-over-year percent change)"
2024-02,2024-03-19,CPI_COMMON_YOY,3.1,18-10-0259-01,"Measure of core inflation based on a factor model, CPI-common (year-over-year percent change)"
2024-02,2024-03-19,CPI_MEDIAN_YOY,3.1,18-10-0259-01,"Measure of core inflation based on a weighted median approach, CPI-median (year-over-year percent change)"
2024-02,2024-03-19,CPI_TRIM_YOY,3.2,18-10-0259-01,"Measure of core inflation based on a trimmed mean approach, CPI-trim (year-over-year percent change)"
2024-03,2024-04-16,CPI_COMMON_YOY,2.9,18-10-0259-01,"Measure of core inflation based on a factor model, CPI-common (year-over-year percent change)"
2024-03,2024-04-16,CPI_MEDIAN_YOY,2.8,18-10-0259-01,"Measure of core inflation based on a weighted median approach, CPI-median (year-over-year percent change)"
2024-03,2024-04-16,CPI_TRIM_YOY,3.1,18-10-0259-01,"Measure of core inflation based on a trimmed mean approach, CPI-trim (year-over-year percent change)"
2024-04,2024-05-21,CPI_COMMON_YOY,2.6,18-10-0259-01,"Measure of core inflation based on a factor model, CPI-common (year-over-year percent change)"
2024-04,2024-05-21,CPI_MEDIAN_YOY,2.6,18-10-0259-01,"Measure of core inflation based on a weighted median approach, CPI-median (year-over-year percent change)"
2024-04,2024-05-21,CPI_TRIM_YOY,2.9,18-10-0259-01,"Measure of core inflation based on a trimmed mean approach, CPI-trim (year-over-year percent change)"
2024-05,2024-06-25,CPI_COMMON_YOY,2.4,18-10-0259-01,"Measure of core inflation based on a factor model, CPI-common (year-over-year percent change)"
2024-05,2024-06-25,CPI_MEDIAN_YOY,2.8,18-10-0259-01,"Measure of core inflation based on a weighted median approach, CPI-median (year-over-year percent change)"
2024-05,2024-06-25,CPI_TRIM_YOY,2.9,18-10-0259-01,"Measure of core inflation based on a trimmed mean approach, CPI-trim (year-over-year percent change)"
2024-06,2024-07-16,CPI_COMMON_YOY,2.3,18-10-0259-01,"Measure of core inflation based on a factor model, CPI-common (year-over-year percent change)"
2024-06,2024-07-16,CPI_MEDIAN_YOY,2.6,18-10-0259-01,"Measure of core inflation based on a weighted median approach, CPI-median (year-over-year percent change)"
2024-06,2024-07-16,CPI_TRIM_YOY,2.9,18-10-0259-01,"Measure of core inflation based on a trimmed mean approach, CPI-trim (year-over-year percent change)"
2024-07,2024-08-20,CPI_COMMON_YOY,2.2,18-10-0259-01,"Measure of core inflation based on a factor model, CPI-common (year-over-year percent change)"
2024-07,2024-08-20,CPI_MEDIAN_YOY,2.4,18-10-0259-01,"Measure of core inflation based on a weighted median approach, CPI-median (year-over-year percent change)"
2024-07,2024-08-20,CPI_TRIM_YOY,2.7,18-10-0259-01,"Measure of core inflation based on a trimmed mean approach, CPI-trim (year-over-year percent change)"
2024-08,2024-09-17,CPI_COMMON_YOY,2.0,18-10-0259-01,"Measure of core inflation based on a factor model, CPI-common (year-over-year percent change)"
2024-08,2024-09-17,CPI_MEDIAN_YOY,2.3,18-10-0259-01,"Measure of core inflation based on a weighted median approach, CPI-median (year-over-year percent change)"
2024-08,2024-09-17,CPI_TRIM_YOY,2.4,18-10-0259-01,"Measure of core inflation based on a trimmed mean approach, CPI-trim (year-over-year percent change)"
2024-09,2024-10-15,CPI_COMMON_YOY,2.1,18-10-0259-01,"Measure of core inflation based on a factor model, CPI-common (year-over-year percent change)"
2024-09,2024-10-15,CPI_MEDIAN_YOY,2.3,18-10-0259-01,"Measure of core inflation based on a weighted median approach, CPI-median (year-over-year percent change)"
2024-09,2024-10-15,CPI_TRIM_YOY,2.4,18-10-0259-01,"Measure of core inflation based on a trimmed mean approach, CPI-trim (year-over-year percent change)"
2024-10,2024-11-19,CPI_COMMON_YOY,2.2,18-10-0259-01,"Measure of core inflation based on a factor model, CPI-common (year-over-year percent change)"
2024-10,2024-11-19,CPI_MEDIAN_YOY,2.5,18-10-0259-01,"Measure of core inflation based on a weighted median approach, CPI-median (year-over-year percent change)"
2024-10,2024-11-19,CPI_TRIM_YOY,2.6,18-10-0259-01,"Measure of core inflation based on a trimmed mean approach, CPI-trim (year-over-year percent change)"
2024-11,2024-12-17,CPI_COMMON_YOY,2.0,18-10-0259-01,"Measure of core inflation based on a factor model, CPI-common (year-over-year percent change)"
2024-11,2024-12-17,CPI_MEDIAN_YOY,2.6,18-10-0259-01,"Measure of core inflation based on a weighted median approach, CPI-median (year-over-year percent change)"
2024-11,2024-12-17,CPI_TRIM_YOY,2.7,18-10-0259-01,"Measure of core inflation based on a trimmed mean approach, CPI-trim (year-over-year percent change)"
2024-12,2025-01-21,CPI_COMMON_YOY,2.0,18-10-0259-01,"Measure of core inflation based on a factor model, CPI-common (year-over-year percent change)"
2024-12,2025-01-21,CPI_MEDIAN_YOY,2.4,18-10-0259-01,"Measure of core inflation based on a weighted median approach, CPI-median (year-over-year percent change)"
2024-12,2025-01-21,CPI_TRIM_YOY,2.5,18-10-0259-01,"Measure of core inflation based on a trimmed mean approach, CPI-trim (year-over-year percent change)"
2025-01,2025-02-18,CPI_COMMON_YOY,2.2,18-10-0259-01,"Measure of core inflation based on a factor model, CPI-common (year-over-year percent change)"
2025-01,2025-02-18,CPI_MEDIAN_YOY,2.7,18-10-0259-01,"Measure of core inflation based on a weighted median approach, CPI-median (year-over-year percent change)"
2025-01,2025-02-18,CPI_TRIM_YOY,2.7,18-10-0259-01,"Measure of core inflation based on a trimmed mean approach, CPI-trim (year-over-year percent change)"
2025-02,2025-03-18,CPI_COMMON_YOY,2.5,18-10-0259-01,"Measure of core inflation based on a factor model, CPI-common (year-over-year percent change)"
2025-02,2025-03-18,CPI_MEDIAN_YOY,2.9,18-10-0259-01,"Measure of core inflation based on a weighted median approach, CPI-median (year-over-year percent change)"
2025-02,2025-03-18,CPI_TRIM_YOY,2.9,18-10-0259-01,"Measure of core inflation based on a trimmed mean approach, CPI-trim (year-over-year percent change)"
2025-03,2025-04-15,CPI_COMMON_YOY,2.3,18-10-0259-01,"Measure of core inflation based on a factor model, CPI-common (year-over-year percent change)"
2025-03,2025-04-15,CPI_MEDIAN_YOY,2.9,18-10-0259-01,"Measure of core inflation based on a weighted median approach, CPI-median (year-over-year percent change)"
2025-03,2025-04-15,CPI_TRIM_YOY,2.8,18-10-0259-01,"Measure of core inflation based on a trimmed mean approach, CPI-trim (year-over-year percent change)"
2025-04,2025-05-20,CPI_COMMON_YOY,2.5,18-10-0259-01,"Measure of core inflation based on a factor model, CPI-common (year-over-year percent change)"
2025-04,2025-05-20,CPI_MEDIAN_YOY,3.2,18-10-0259-01,"Measure of core inflation based on a weighted median approach, CPI-median (year-over-year percent change)"
2025-04,2025-05-20,CPI_TRIM_YOY,3.1,18-10-0259-01,"Measure of core inflation based on a trimmed mean approach, CPI-trim (year-over-year percent change)"
2025-05,2025-06-24,CPI_COMMON_YOY,2.6,18-10-0259-01,"Measure of core inflation based on a factor model, CPI-common (year-over-year percent change)"
2025-05,2025-06-24,CPI_MEDIAN_YOY,3.0,18-10-0259-01,"Measure of core inflation based on a weighted median approach, CPI-median (year-over-year percent change)"
2025-05,2025-06-24,CPI_TRIM_YOY,3.0,18-10-0259-01,"Measure of core inflation based on a trimmed mean approach, CPI-trim (year-over-year percent change)"
2025-06,2025-07-15,CPI_COMMON_YOY,2.6,18-10-0259-01,"Measure of core inflation based on a factor model, CPI-common (year-over-year percent change)"
2025-06,2025-07-15,CPI_MEDIAN_YOY,3.1,18-10-0259-01,"Measure of core inflation based on a weighted median approach, CPI-median (year-over-year percent change)"
2025-06,2025-07-15,CPI_TRIM_YOY,3.0,18-10-0259-01,"Measure of core inflation based on a trimmed mean approach, CPI-trim (year-over-year percent change)"
2025-07,2025-08-19,CPI_COMMON_YOY,2.6,18-10-0259-01,"Measure of core inflation based on a factor model, CPI-common (year-over-year percent change)"
2025-07,2025-08-19,CPI_MEDIAN_YOY,3.1,18-10-0259-01,"Measure of core inflation based on a weighted median approach, CPI-median (year-over-year percent change)"
2025-07,2025-08-19,CPI_TRIM_YOY,3.0,18-10-0259-01,"Measure of core inflation based on a trimmed mean approach, CPI-trim (year-over-year percent change)"
2025-08,2025-09-16,CPI_COMMON_YOY,2.5,18-10-0259-01,"Measure of core inflation based on a factor model, CPI-common (year-over-year percent change)"
2025-08,2025-09-16,CPI_MEDIAN_YOY,3.1,18-10-0259-01,"Measure of core inflation based on a weighted median approach, CPI-median (year-over-year percent change)"
2025-08,2025-09-16,CPI_TRIM_YOY,3.0,18-10-0259-01,"Measure of core inflation based on a trimmed mean approach, CPI-trim (year-over-year percent change)"
2025-09,2025-10-21,CPI_COMMON_YOY,2.7,18-10-0259-01,"Measure of core inflation based on a factor model, CPI-common (year-over-year percent change)"
2025-09,2025-10-21,CPI_MEDIAN_YOY,3.2,18-10-0259-01,"Measure of core inflation based on a weighted median approach, CPI-median (year-over-year percent change)"
2025-09,2025-10-21,CPI_TRIM_YOY,3.1,18-10-0259-01,"Measure of core inflation based on a trimmed mean approach, CPI-trim (year-over-year percent change)"
2025-10,2025-11-17,CPI_COMMON_YOY,2.7,18-10-0259-01,"Measure of core inflation based on a factor model, CPI-common (year-over-year percent change)"
2025-10,2025-11-17,CPI_MEDIAN_YOY,2.9,18-10-0259-01,"Measure of core inflation based on a weighted median approach, CPI-median (year-over-year percent change)"
2025-10,2025-11-17,CPI_TRIM_YOY,3.0,18-10-0259-01,"Measure of core inflation based on a trimmed mean approach, CPI-trim (year-over-year percent change)"
2025-11,2025-12-15,CPI_COMMON_YOY,2.8,18-10-0259-01,"Measure of core inflation based on a factor model, CPI-common (year-over-year percent change)"
2025-11,2025-12-15,CPI_MEDIAN_YOY,2.8,18-10-0259-01,"Measure of core inflation based on a weighted median approach, CPI-median (year-over-year percent change)"
2025-11,2025-12-15,CPI_TRIM_YOY,2.8,18-10-0259-01,"Measure of core inflation based on a trimmed mean approach, CPI-trim (year-over-year percent change)"
2025-12,2026-01-19,CPI_COMMON_YOY,2.8,18-10-0259-01,"Measure of core inflation based on a factor model, CPI-common (year-over-year percent change)"
2025-12,2026-01-19,CPI_MEDIAN_YOY,2.5,18-10-0259-01,"Measure of core inflation based on a weighted median approach, CPI-median (year-over-year percent change)"
2025-12,2026-01-19,CPI_TRIM_YOY,2.7,18-10-0259-01,"Measure of core inflation based on a trimmed mean approach, CPI-trim (year-over-year percent change)"
2026-01,2026-02-17,CPI_COMMON_YOY,2.7,18-10-0259-01,"Measure of core inflation based on a factor model, CPI-common (year-over-year percent change)"
2026-01,2026-02-17,CPI_MEDIAN_YOY,2.5,18-10-0259-01,"Measure of core inflation based on a weighted median approach, CPI-median (year-over-year percent change)"
2026-01,2026-02-17,CPI_TRIM_YOY,2.4,18-10-0259-01,"Measure of core inflation based on a trimmed mean approach, CPI-trim (year-over-year percent change)"
2026-02,2026-03-16,CPI_COMMON_YOY,2.4,18-10-0259-01,"Measure of core inflation based on a factor model, CPI-common (year-over-year percent change)"
2026-02,2026-03-16,CPI_MEDIAN_YOY,2.3,18-10-0259-01,"Measure of core inflation based on a weighted median approach, CPI-median (year-over-year percent change)"
2026-02,2026-03-16,CPI_TRIM_YOY,2.3,18-10-0259-01,"Measure of core inflation based on a trimmed mean approach, CPI-trim (year-over-year percent change)"
2026-03,2026-04-20,CPI_COMMON_YOY,2.6,18-10-0259-01,"Measure of core inflation based on a factor model, CPI-common (year-over-year percent change)"
2026-03,2026-04-20,CPI_MEDIAN_YOY,2.3,18-10-0259-01,"Measure of core inflation based on a weighted median approach, CPI-median (year-over-year percent change)"
2026-03,2026-04-20,CPI_TRIM_YOY,2.2,18-10-0259-01,"Measure of core inflation based on a trimmed mean approach, CPI-trim (year-over-year percent change)"
