reference_month,release_date,series,first_release_yoy_pct,all_items_index,source_table,pit_basis
2017-01,2017-02-24,CPI_HEADLINE_YOY,2.129338,129.5,18-10-0004-01,official unadjusted CPI is non-revisable; availability date is contemporaneous CPI release date
2017-02,2017-03-24,CPI_HEADLINE_YOY,2.045633,129.7,18-10-0004-01,official unadjusted CPI is non-revisable; availability date is contemporaneous CPI release date
2017-03,2017-04-21,CPI_HEADLINE_YOY,1.563722,129.9,18-10-0004-01,official unadjusted CPI is non-revisable; availability date is contemporaneous CPI release date
2017-04,2017-05-19,CPI_HEADLINE_YOY,1.636789,130.4,18-10-0004-01,official unadjusted CPI is non-revisable; availability date is contemporaneous CPI release date
2017-05,2017-06-23,CPI_HEADLINE_YOY,1.319876,130.5,18-10-0004-01,official unadjusted CPI is non-revisable; availability date is contemporaneous CPI release date
2017-06,2017-07-21,CPI_HEADLINE_YOY,1.006971,130.4,18-10-0004-01,official unadjusted CPI is non-revisable; availability date is contemporaneous CPI release date
2017-07,2017-08-19,CPI_HEADLINE_YOY,1.163693,130.4,18-10-0004-01,official unadjusted CPI is non-revisable; availability date is contemporaneous CPI release date
2017-08,2017-09-22,CPI_HEADLINE_YOY,1.398601,130.5,18-10-0004-01,official unadjusted CPI is non-revisable; availability date is contemporaneous CPI release date
2017-09,2017-10-20,CPI_HEADLINE_YOY,1.552795,130.8,18-10-0004-01,official unadjusted CPI is non-revisable; availability date is contemporaneous CPI release date
2017-10,2017-11-17,CPI_HEADLINE_YOY,1.394268,130.9,18-10-0004-01,official unadjusted CPI is non-revisable; availability date is contemporaneous CPI release date
2017-11,2017-12-21,CPI_HEADLINE_YOY,2.099533,131.3,18-10-0004-01,official unadjusted CPI is non-revisable; availability date is contemporaneous CPI release date
2017-12,2018-01-26,CPI_HEADLINE_YOY,1.869159,130.8,18-10-0004-01,official unadjusted CPI is non-revisable; availability date is contemporaneous CPI release date
2018-01,2018-02-23,CPI_HEADLINE_YOY,1.698842,131.7,18-10-0004-01,official unadjusted CPI is non-revisable; availability date is contemporaneous CPI release date
2018-02,2018-03-23,CPI_HEADLINE_YOY,2.158828,132.5,18-10-0004-01,official unadjusted CPI is non-revisable; availability date is contemporaneous CPI release date
2018-03,2018-04-20,CPI_HEADLINE_YOY,2.309469,132.9,18-10-0004-01,official unadjusted CPI is non-revisable; availability date is contemporaneous CPI release date
2018-04,2018-05-18,CPI_HEADLINE_YOY,2.223926,133.3,18-10-0004-01,official unadjusted CPI is non-revisable; availability date is contemporaneous CPI release date
2018-05,2018-06-22,CPI_HEADLINE_YOY,2.222222,133.4,18-10-0004-01,official unadjusted CPI is non-revisable; availability date is contemporaneous CPI release date
2018-06,2018-07-20,CPI_HEADLINE_YOY,2.453988,133.6,18-10-0004-01,official unadjusted CPI is non-revisable; availability date is contemporaneous CPI release date
2018-07,2018-08-17,CPI_HEADLINE_YOY,2.990798,134.3,18-10-0004-01,official unadjusted CPI is non-revisable; availability date is contemporaneous CPI release date
2018-08,2018-09-21,CPI_HEADLINE_YOY,2.835249,134.2,18-10-0004-01,official unadjusted CPI is non-revisable; availability date is contemporaneous CPI release date
2018-09,2018-10-19,CPI_HEADLINE_YOY,2.217125,133.7,18-10-0004-01,official unadjusted CPI is non-revisable; availability date is contemporaneous CPI release date
2018-10,2018-11-23,CPI_HEADLINE_YOY,2.444614,134.1,18-10-0004-01,official unadjusted CPI is non-revisable; availability date is contemporaneous CPI release date
2018-11,2018-12-19,CPI_HEADLINE_YOY,1.675552,133.5,18-10-0004-01,official unadjusted CPI is non-revisable; availability date is contemporaneous CPI release date
2018-12,2019-01-18,CPI_HEADLINE_YOY,1.987768,133.4,18-10-0004-01,official unadjusted CPI is non-revisable; availability date is contemporaneous CPI release date
2019-01,2019-02-27,CPI_HEADLINE_YOY,1.442673,133.6,18-10-0004-01,official unadjusted CPI is non-revisable; availability date is contemporaneous CPI release date
2019-02,2019-03-22,CPI_HEADLINE_YOY,1.509434,134.5,18-10-0004-01,official unadjusted CPI is non-revisable; availability date is contemporaneous CPI release date
2019-03,2019-04-17,CPI_HEADLINE_YOY,1.881114,135.4,18-10-0004-01,official unadjusted CPI is non-revisable; availability date is contemporaneous CPI release date
2019-04,2019-05-15,CPI_HEADLINE_YOY,2.025506,136.0,18-10-0004-01,official unadjusted CPI is non-revisable; availability date is contemporaneous CPI release date
2019-05,2019-06-19,CPI_HEADLINE_YOY,2.398801,136.6,18-10-0004-01,official unadjusted CPI is non-revisable; availability date is contemporaneous CPI release date
2019-06,2019-07-17,CPI_HEADLINE_YOY,2.020958,136.3,18-10-0004-01,official unadjusted CPI is non-revisable; availability date is contemporaneous CPI release date
2019-07,2019-08-21,CPI_HEADLINE_YOY,2.010424,137.0,18-10-0004-01,official unadjusted CPI is non-revisable; availability date is contemporaneous CPI release date
2019-08,2019-09-18,CPI_HEADLINE_YOY,1.937407,136.8,18-10-0004-01,official unadjusted CPI is non-revisable; availability date is contemporaneous CPI release date
2019-09,2019-10-16,CPI_HEADLINE_YOY,1.869858,136.2,18-10-0004-01,official unadjusted CPI is non-revisable; availability date is contemporaneous CPI release date
2019-10,2019-11-20,CPI_HEADLINE_YOY,1.864280,136.6,18-10-0004-01,official unadjusted CPI is non-revisable; availability date is contemporaneous CPI release date
2019-11,2019-12-18,CPI_HEADLINE_YOY,2.172285,136.4,18-10-0004-01,official unadjusted CPI is non-revisable; availability date is contemporaneous CPI release date
2019-12,2020-01-22,CPI_HEADLINE_YOY,2.248876,136.4,18-10-0004-01,official unadjusted CPI is non-revisable; availability date is contemporaneous CPI release date
2020-01,2020-02-19,CPI_HEADLINE_YOY,2.395210,136.8,18-10-0004-01,official unadjusted CPI is non-revisable; availability date is contemporaneous CPI release date
2020-02,2020-03-18,CPI_HEADLINE_YOY,2.156134,137.4,18-10-0004-01,official unadjusted CPI is non-revisable; availability date is contemporaneous CPI release date
2020-03,2020-04-22,CPI_HEADLINE_YOY,0.886263,136.6,18-10-0004-01,official unadjusted CPI is non-revisable; availability date is contemporaneous CPI release date
2020-04,2020-05-20,CPI_HEADLINE_YOY,-0.220588,135.7,18-10-0004-01,official unadjusted CPI is non-revisable; availability date is contemporaneous CPI release date
2020-05,2020-06-17,CPI_HEADLINE_YOY,-0.366032,136.1,18-10-0004-01,official unadjusted CPI is non-revisable; availability date is contemporaneous CPI release date
2020-06,2020-07-22,CPI_HEADLINE_YOY,0.660308,137.2,18-10-0004-01,official unadjusted CPI is non-revisable; availability date is contemporaneous CPI release date
2020-07,2020-08-19,CPI_HEADLINE_YOY,0.145985,137.2,18-10-0004-01,official unadjusted CPI is non-revisable; availability date is contemporaneous CPI release date
2020-08,2020-09-16,CPI_HEADLINE_YOY,0.146199,137.0,18-10-0004-01,official unadjusted CPI is non-revisable; availability date is contemporaneous CPI release date
2020-09,2020-10-21,CPI_HEADLINE_YOY,0.513950,136.9,18-10-0004-01,official unadjusted CPI is non-revisable; availability date is contemporaneous CPI release date
2020-10,2020-11-18,CPI_HEADLINE_YOY,0.658858,137.5,18-10-0004-01,official unadjusted CPI is non-revisable; availability date is contemporaneous CPI release date
2020-11,2020-12-16,CPI_HEADLINE_YOY,0.953079,137.7,18-10-0004-01,official unadjusted CPI is non-revisable; availability date is contemporaneous CPI release date
2020-12,2021-01-20,CPI_HEADLINE_YOY,0.733138,137.4,18-10-0004-01,official unadjusted CPI is non-revisable; availability date is contemporaneous CPI release date
2021-01,2021-02-22,CPI_HEADLINE_YOY,1.023392,138.2,18-10-0004-01,official unadjusted CPI is non-revisable; availability date is contemporaneous CPI release date
2021-02,2021-03-17,CPI_HEADLINE_YOY,1.091703,138.9,18-10-0004-01,official unadjusted CPI is non-revisable; availability date is contemporaneous CPI release date
2021-03,2021-04-21,CPI_HEADLINE_YOY,2.196193,139.6,18-10-0004-01,official unadjusted CPI is non-revisable; availability date is contemporaneous CPI release date
2021-04,2021-05-19,CPI_HEADLINE_YOY,3.389831,140.3,18-10-0004-01,official unadjusted CPI is non-revisable; availability date is contemporaneous CPI release date
2021-05,2021-06-16,CPI_HEADLINE_YOY,3.600294,141.0,18-10-0004-01,official unadjusted CPI is non-revisable; availability date is contemporaneous CPI release date
2021-06,2021-07-28,CPI_HEADLINE_YOY,3.061224,141.4,18-10-0004-01,official unadjusted CPI is non-revisable; availability date is contemporaneous CPI release date
2021-07,2021-08-18,CPI_HEADLINE_YOY,3.717201,142.3,18-10-0004-01,official unadjusted CPI is non-revisable; availability date is contemporaneous CPI release date
2021-08,2021-09-15,CPI_HEADLINE_YOY,4.087591,142.6,18-10-0004-01,official unadjusted CPI is non-revisable; availability date is contemporaneous CPI release date
2021-09,2021-10-20,CPI_HEADLINE_YOY,4.382761,142.9,18-10-0004-01,official unadjusted CPI is non-revisable; availability date is contemporaneous CPI release date
2021-10,2021-11-17,CPI_HEADLINE_YOY,4.654545,143.9,18-10-0004-01,official unadjusted CPI is non-revisable; availability date is contemporaneous CPI release date
2021-11,2021-12-15,CPI_HEADLINE_YOY,4.720407,144.2,18-10-0004-01,official unadjusted CPI is non-revisable; availability date is contemporaneous CPI release date
2021-12,2022-01-19,CPI_HEADLINE_YOY,4.803493,144.0,18-10-0004-01,official unadjusted CPI is non-revisable; availability date is contemporaneous CPI release date
2022-01,2022-02-16,CPI_HEADLINE_YOY,5.137482,145.3,18-10-0004-01,official unadjusted CPI is non-revisable; availability date is contemporaneous CPI release date
2022-02,2022-03-16,CPI_HEADLINE_YOY,5.687545,146.8,18-10-0004-01,official unadjusted CPI is non-revisable; availability date is contemporaneous CPI release date
2022-03,2022-04-20,CPI_HEADLINE_YOY,6.661891,148.9,18-10-0004-01,official unadjusted CPI is non-revisable; availability date is contemporaneous CPI release date
2022-04,2022-05-18,CPI_HEADLINE_YOY,6.771205,149.8,18-10-0004-01,official unadjusted CPI is non-revisable; availability date is contemporaneous CPI release date
2022-05,2022-06-22,CPI_HEADLINE_YOY,7.730496,151.9,18-10-0004-01,official unadjusted CPI is non-revisable; availability date is contemporaneous CPI release date
2022-06,2022-07-20,CPI_HEADLINE_YOY,8.132956,152.9,18-10-0004-01,official unadjusted CPI is non-revisable; availability date is contemporaneous CPI release date
2022-07,2022-08-16,CPI_HEADLINE_YOY,7.589599,153.1,18-10-0004-01,official unadjusted CPI is non-revisable; availability date is contemporaneous CPI release date
2022-08,2022-09-20,CPI_HEADLINE_YOY,7.012623,152.6,18-10-0004-01,official unadjusted CPI is non-revisable; availability date is contemporaneous CPI release date
2022-09,2022-10-19,CPI_HEADLINE_YOY,6.857943,152.7,18-10-0004-01,official unadjusted CPI is non-revisable; availability date is contemporaneous CPI release date
2022-10,2022-11-16,CPI_HEADLINE_YOY,6.879778,153.8,18-10-0004-01,official unadjusted CPI is non-revisable; availability date is contemporaneous CPI release date
2022-11,2022-12-21,CPI_HEADLINE_YOY,6.796117,154.0,18-10-0004-01,official unadjusted CPI is non-revisable; availability date is contemporaneous CPI release date
2022-12,2023-01-17,CPI_HEADLINE_YOY,6.319444,153.1,18-10-0004-01,official unadjusted CPI is non-revisable; availability date is contemporaneous CPI release date
2023-01,2023-02-21,CPI_HEADLINE_YOY,5.918789,153.9,18-10-0004-01,official unadjusted CPI is non-revisable; availability date is contemporaneous CPI release date
2023-02,2023-03-21,CPI_HEADLINE_YOY,5.245232,154.5,18-10-0004-01,official unadjusted CPI is non-revisable; availability date is contemporaneous CPI release date
2023-03,2023-04-18,CPI_HEADLINE_YOY,4.298187,155.3,18-10-0004-01,official unadjusted CPI is non-revisable; availability date is contemporaneous CPI release date
2023-04,2023-05-16,CPI_HEADLINE_YOY,4.405874,156.4,18-10-0004-01,official unadjusted CPI is non-revisable; availability date is contemporaneous CPI release date
2023-05,2023-06-27,CPI_HEADLINE_YOY,3.357472,157.0,18-10-0004-01,official unadjusted CPI is non-revisable; availability date is contemporaneous CPI release date
2023-06,2023-07-18,CPI_HEADLINE_YOY,2.812296,157.2,18-10-0004-01,official unadjusted CPI is non-revisable; availability date is contemporaneous CPI release date
2023-07,2023-08-15,CPI_HEADLINE_YOY,3.265839,158.1,18-10-0004-01,official unadjusted CPI is non-revisable; availability date is contemporaneous CPI release date
2023-08,2023-09-19,CPI_HEADLINE_YOY,3.997379,158.7,18-10-0004-01,official unadjusted CPI is non-revisable; availability date is contemporaneous CPI release date
2023-09,2023-10-17,CPI_HEADLINE_YOY,3.798297,158.5,18-10-0004-01,official unadjusted CPI is non-revisable; availability date is contemporaneous CPI release date
2023-10,2023-11-21,CPI_HEADLINE_YOY,3.120936,158.6,18-10-0004-01,official unadjusted CPI is non-revisable; availability date is contemporaneous CPI release date
2023-11,2023-12-19,CPI_HEADLINE_YOY,3.116883,158.8,18-10-0004-01,official unadjusted CPI is non-revisable; availability date is contemporaneous CPI release date
2023-12,2024-01-16,CPI_HEADLINE_YOY,3.396473,158.3,18-10-0004-01,official unadjusted CPI is non-revisable; availability date is contemporaneous CPI release date
2024-01,2024-02-20,CPI_HEADLINE_YOY,2.858999,158.3,18-10-0004-01,official unadjusted CPI is non-revisable; availability date is contemporaneous CPI release date
2024-02,2024-03-19,CPI_HEADLINE_YOY,2.783172,158.8,18-10-0004-01,official unadjusted CPI is non-revisable; availability date is contemporaneous CPI release date
2024-03,2024-04-16,CPI_HEADLINE_YOY,2.897618,159.8,18-10-0004-01,official unadjusted CPI is non-revisable; availability date is contemporaneous CPI release date
2024-04,2024-05-21,CPI_HEADLINE_YOY,2.685422,160.6,18-10-0004-01,official unadjusted CPI is non-revisable; availability date is contemporaneous CPI release date
2024-05,2024-06-25,CPI_HEADLINE_YOY,2.866242,161.5,18-10-0004-01,official unadjusted CPI is non-revisable; availability date is contemporaneous CPI release date
2024-06,2024-07-16,CPI_HEADLINE_YOY,2.671756,161.4,18-10-0004-01,official unadjusted CPI is non-revisable; availability date is contemporaneous CPI release date
2024-07,2024-08-20,CPI_HEADLINE_YOY,2.530044,162.1,18-10-0004-01,official unadjusted CPI is non-revisable; availability date is contemporaneous CPI release date
2024-08,2024-09-17,CPI_HEADLINE_YOY,1.953371,161.8,18-10-0004-01,official unadjusted CPI is non-revisable; availability date is contemporaneous CPI release date
2024-09,2024-10-15,CPI_HEADLINE_YOY,1.640379,161.1,18-10-0004-01,official unadjusted CPI is non-revisable; availability date is contemporaneous CPI release date
2024-10,2024-11-19,CPI_HEADLINE_YOY,2.017654,161.8,18-10-0004-01,official unadjusted CPI is non-revisable; availability date is contemporaneous CPI release date
2024-11,2024-12-17,CPI_HEADLINE_YOY,1.889169,161.8,18-10-0004-01,official unadjusted CPI is non-revisable; availability date is contemporaneous CPI release date
2024-12,2025-01-21,CPI_HEADLINE_YOY,1.831965,161.2,18-10-0004-01,official unadjusted CPI is non-revisable; availability date is contemporaneous CPI release date
2025-01,2025-02-18,CPI_HEADLINE_YOY,1.895136,161.3,18-10-0004-01,official unadjusted CPI is non-revisable; availability date is contemporaneous CPI release date
2025-02,2025-03-18,CPI_HEADLINE_YOY,2.644836,163.0,18-10-0004-01,official unadjusted CPI is non-revisable; availability date is contemporaneous CPI release date
2025-03,2025-04-15,CPI_HEADLINE_YOY,2.315394,163.5,18-10-0004-01,official unadjusted CPI is non-revisable; availability date is contemporaneous CPI release date
2025-04,2025-05-20,CPI_HEADLINE_YOY,1.743462,163.4,18-10-0004-01,official unadjusted CPI is non-revisable; availability date is contemporaneous CPI release date
2025-05,2025-06-24,CPI_HEADLINE_YOY,1.733746,164.3,18-10-0004-01,official unadjusted CPI is non-revisable; availability date is contemporaneous CPI release date
2025-06,2025-07-15,CPI_HEADLINE_YOY,1.858736,164.4,18-10-0004-01,official unadjusted CPI is non-revisable; availability date is contemporaneous CPI release date
2025-07,2025-08-19,CPI_HEADLINE_YOY,1.727329,164.9,18-10-0004-01,official unadjusted CPI is non-revisable; availability date is contemporaneous CPI release date
2025-08,2025-09-16,CPI_HEADLINE_YOY,1.854141,164.8,18-10-0004-01,official unadjusted CPI is non-revisable; availability date is contemporaneous CPI release date
2025-09,2025-10-21,CPI_HEADLINE_YOY,2.358783,164.9,18-10-0004-01,official unadjusted CPI is non-revisable; availability date is contemporaneous CPI release date
2025-10,2025-11-17,CPI_HEADLINE_YOY,2.163164,165.3,18-10-0004-01,official unadjusted CPI is non-revisable; availability date is contemporaneous CPI release date
2025-11,2025-12-15,CPI_HEADLINE_YOY,2.224969,165.4,18-10-0004-01,official unadjusted CPI is non-revisable; availability date is contemporaneous CPI release date
2025-12,2026-01-19,CPI_HEADLINE_YOY,2.357320,165.0,18-10-0004-01,official unadjusted CPI is non-revisable; availability date is contemporaneous CPI release date
2026-01,2026-02-17,CPI_HEADLINE_YOY,2.293862,165.0,18-10-0004-01,official unadjusted CPI is non-revisable; availability date is contemporaneous CPI release date
2026-02,2026-03-16,CPI_HEADLINE_YOY,1.779141,165.9,18-10-0004-01,official unadjusted CPI is non-revisable; availability date is contemporaneous CPI release date
2026-03,2026-04-20,CPI_HEADLINE_YOY,2.385321,167.4,18-10-0004-01,official unadjusted CPI is non-revisable; availability date is contemporaneous CPI release date
2026-04,2026-05-19,CPI_HEADLINE_YOY,2.815177,168.0,18-10-0004-01,official unadjusted CPI is non-revisable; availability date is contemporaneous CPI release date
2026-05,2026-06-22,CPI_HEADLINE_YOY,3.225806,169.6,18-10-0004-01,official unadjusted CPI is non-revisable; availability date is contemporaneous CPI release date
2026-06,2026-07-20,CPI_HEADLINE_YOY,2.798054,169.0,18-10-0004-01,official unadjusted CPI is non-revisable; availability date is contemporaneous CPI release date
2026-07,2026-08-17,CPI_HEADLINE_YOY,3.032141,169.9,18-10-0004-01,official unadjusted CPI is non-revisable; availability date is contemporaneous CPI release date
2026-08,2026-09-14,CPI_HEADLINE_YOY,3.033981,169.8,18-10-0004-01,official unadjusted CPI is non-revisable; availability date is contemporaneous CPI release date
