quarter,net_fx_transactions_chf_mn,policy_interpretation
2020-Q1,38507.0,FX_PURCHASES_CHF_WEAKENING
2020-Q2,51510.0,FX_PURCHASES_CHF_WEAKENING
2020-Q3,10973.0,FX_PURCHASES_CHF_WEAKENING
2020-Q4,8685.0,FX_PURCHASES_CHF_WEAKENING
2021-Q1,296.0,FX_PURCHASES_CHF_WEAKENING
2021-Q2,5438.0,FX_PURCHASES_CHF_WEAKENING
2021-Q3,2789.0,FX_PURCHASES_CHF_WEAKENING
2021-Q4,12627.0,FX_PURCHASES_CHF_WEAKENING
2022-Q1,5741.0,FX_PURCHASES_CHF_WEAKENING
2022-Q2,-5.0,FX_SALES_CHF_STRENGTHENING
2022-Q3,-739.0,FX_SALES_CHF_STRENGTHENING
2022-Q4,-27280.0,FX_SALES_CHF_STRENGTHENING
2023-Q1,-32260.0,FX_SALES_CHF_STRENGTHENING
2023-Q2,-40310.0,FX_SALES_CHF_STRENGTHENING
2023-Q3,-37628.0,FX_SALES_CHF_STRENGTHENING
2023-Q4,-22661.0,FX_SALES_CHF_STRENGTHENING
2024-Q1,281.0,FX_PURCHASES_CHF_WEAKENING
2024-Q2,103.0,FX_PURCHASES_CHF_WEAKENING
2024-Q3,728.0,FX_PURCHASES_CHF_WEAKENING
2024-Q4,103.0,FX_PURCHASES_CHF_WEAKENING
2025-Q1,49.0,FX_PURCHASES_CHF_WEAKENING
2025-Q2,5058.0,FX_PURCHASES_CHF_WEAKENING
2025-Q3,75.0,FX_PURCHASES_CHF_WEAKENING
2025-Q4,-6.0,FX_SALES_CHF_STRENGTHENING
2026-Q1,3940.0,FX_PURCHASES_CHF_WEAKENING
2026-Q2,1437.0,FX_PURCHASES_CHF_WEAKENING
