reference_month,headline_cpi_yoy_pct,available_from_conservative,source,cube,series_label,pit_note
2018-01,0.740207,2018-02-15,SNB data portal / SFSO,plkopr,Change from the corresponding month of the previous year in %,overall headline CPI; conservative availability on 15th next month; not an archived-release reconstruction
2018-02,0.628089,2018-03-15,SNB data portal / SFSO,plkopr,Change from the corresponding month of the previous year in %,overall headline CPI; conservative availability on 15th next month; not an archived-release reconstruction
2018-03,0.795396,2018-04-15,SNB data portal / SFSO,plkopr,Change from the corresponding month of the previous year in %,overall headline CPI; conservative availability on 15th next month; not an archived-release reconstruction
2018-04,0.803103,2018-05-15,SNB data portal / SFSO,plkopr,Change from the corresponding month of the previous year in %,overall headline CPI; conservative availability on 15th next month; not an archived-release reconstruction
2018-05,0.999189,2018-06-15,SNB data portal / SFSO,plkopr,Change from the corresponding month of the previous year in %,overall headline CPI; conservative availability on 15th next month; not an archived-release reconstruction
2018-06,1.146511,2018-07-15,SNB data portal / SFSO,plkopr,Change from the corresponding month of the previous year in %,overall headline CPI; conservative availability on 15th next month; not an archived-release reconstruction
2018-07,1.230311,2018-08-15,SNB data portal / SFSO,plkopr,Change from the corresponding month of the previous year in %,overall headline CPI; conservative availability on 15th next month; not an archived-release reconstruction
2018-08,1.181033,2018-09-15,SNB data portal / SFSO,plkopr,Change from the corresponding month of the previous year in %,overall headline CPI; conservative availability on 15th next month; not an archived-release reconstruction
2018-09,0.989588,2018-10-15,SNB data portal / SFSO,plkopr,Change from the corresponding month of the previous year in %,overall headline CPI; conservative availability on 15th next month; not an archived-release reconstruction
2018-10,1.106533,2018-11-15,SNB data portal / SFSO,plkopr,Change from the corresponding month of the previous year in %,overall headline CPI; conservative availability on 15th next month; not an archived-release reconstruction
2018-11,0.922015,2018-12-15,SNB data portal / SFSO,plkopr,Change from the corresponding month of the previous year in %,overall headline CPI; conservative availability on 15th next month; not an archived-release reconstruction
2018-12,0.691547,2019-01-15,SNB data portal / SFSO,plkopr,Change from the corresponding month of the previous year in %,overall headline CPI; conservative availability on 15th next month; not an archived-release reconstruction
2019-01,0.560073,2019-02-15,SNB data portal / SFSO,plkopr,Change from the corresponding month of the previous year in %,overall headline CPI; conservative availability on 15th next month; not an archived-release reconstruction
2019-02,0.578602,2019-03-15,SNB data portal / SFSO,plkopr,Change from the corresponding month of the previous year in %,overall headline CPI; conservative availability on 15th next month; not an archived-release reconstruction
2019-03,0.728949,2019-04-15,SNB data portal / SFSO,plkopr,Change from the corresponding month of the previous year in %,overall headline CPI; conservative availability on 15th next month; not an archived-release reconstruction
2019-04,0.708123,2019-05-15,SNB data portal / SFSO,plkopr,Change from the corresponding month of the previous year in %,overall headline CPI; conservative availability on 15th next month; not an archived-release reconstruction
2019-05,0.634313,2019-06-15,SNB data portal / SFSO,plkopr,Change from the corresponding month of the previous year in %,overall headline CPI; conservative availability on 15th next month; not an archived-release reconstruction
2019-06,0.600364,2019-07-15,SNB data portal / SFSO,plkopr,Change from the corresponding month of the previous year in %,overall headline CPI; conservative availability on 15th next month; not an archived-release reconstruction
2019-07,0.311731,2019-08-15,SNB data portal / SFSO,plkopr,Change from the corresponding month of the previous year in %,overall headline CPI; conservative availability on 15th next month; not an archived-release reconstruction
2019-08,0.317926,2019-09-15,SNB data portal / SFSO,plkopr,Change from the corresponding month of the previous year in %,overall headline CPI; conservative availability on 15th next month; not an archived-release reconstruction
2019-09,0.148228,2019-10-15,SNB data portal / SFSO,plkopr,Change from the corresponding month of the previous year in %,overall headline CPI; conservative availability on 15th next month; not an archived-release reconstruction
2019-10,-0.253128,2019-11-15,SNB data portal / SFSO,plkopr,Change from the corresponding month of the previous year in %,overall headline CPI; conservative availability on 15th next month; not an archived-release reconstruction
2019-11,-0.131179,2019-12-15,SNB data portal / SFSO,plkopr,Change from the corresponding month of the previous year in %,overall headline CPI; conservative availability on 15th next month; not an archived-release reconstruction
2019-12,0.155738,2020-01-15,SNB data portal / SFSO,plkopr,Change from the corresponding month of the previous year in %,overall headline CPI; conservative availability on 15th next month; not an archived-release reconstruction
2020-01,0.202267,2020-02-15,SNB data portal / SFSO,plkopr,Change from the corresponding month of the previous year in %,overall headline CPI; conservative availability on 15th next month; not an archived-release reconstruction
2020-02,-0.062175,2020-03-15,SNB data portal / SFSO,plkopr,Change from the corresponding month of the previous year in %,overall headline CPI; conservative availability on 15th next month; not an archived-release reconstruction
2020-03,-0.515131,2020-04-15,SNB data portal / SFSO,plkopr,Change from the corresponding month of the previous year in %,overall headline CPI; conservative availability on 15th next month; not an archived-release reconstruction
2020-04,-1.063090,2020-05-15,SNB data portal / SFSO,plkopr,Change from the corresponding month of the previous year in %,overall headline CPI; conservative availability on 15th next month; not an archived-release reconstruction
2020-05,-1.324585,2020-06-15,SNB data portal / SFSO,plkopr,Change from the corresponding month of the previous year in %,overall headline CPI; conservative availability on 15th next month; not an archived-release reconstruction
2020-06,-1.274764,2020-07-15,SNB data portal / SFSO,plkopr,Change from the corresponding month of the previous year in %,overall headline CPI; conservative availability on 15th next month; not an archived-release reconstruction
2020-07,-0.919826,2020-08-15,SNB data portal / SFSO,plkopr,Change from the corresponding month of the previous year in %,overall headline CPI; conservative availability on 15th next month; not an archived-release reconstruction
2020-08,-0.866167,2020-09-15,SNB data portal / SFSO,plkopr,Change from the corresponding month of the previous year in %,overall headline CPI; conservative availability on 15th next month; not an archived-release reconstruction
2020-09,-0.799879,2020-10-15,SNB data portal / SFSO,plkopr,Change from the corresponding month of the previous year in %,overall headline CPI; conservative availability on 15th next month; not an archived-release reconstruction
2020-10,-0.570268,2020-11-15,SNB data portal / SFSO,plkopr,Change from the corresponding month of the previous year in %,overall headline CPI; conservative availability on 15th next month; not an archived-release reconstruction
2020-11,-0.684767,2020-12-15,SNB data portal / SFSO,plkopr,Change from the corresponding month of the previous year in %,overall headline CPI; conservative availability on 15th next month; not an archived-release reconstruction
2020-12,-0.813754,2021-01-15,SNB data portal / SFSO,plkopr,Change from the corresponding month of the previous year in %,overall headline CPI; conservative availability on 15th next month; not an archived-release reconstruction
2021-01,-0.544243,2021-02-15,SNB data portal / SFSO,plkopr,Change from the corresponding month of the previous year in %,overall headline CPI; conservative availability on 15th next month; not an archived-release reconstruction
2021-02,-0.504076,2021-03-15,SNB data portal / SFSO,plkopr,Change from the corresponding month of the previous year in %,overall headline CPI; conservative availability on 15th next month; not an archived-release reconstruction
2021-03,-0.245161,2021-04-15,SNB data portal / SFSO,plkopr,Change from the corresponding month of the previous year in %,overall headline CPI; conservative availability on 15th next month; not an archived-release reconstruction
2021-04,0.327827,2021-05-15,SNB data portal / SFSO,plkopr,Change from the corresponding month of the previous year in %,overall headline CPI; conservative availability on 15th next month; not an archived-release reconstruction
2021-05,0.550973,2021-06-15,SNB data portal / SFSO,plkopr,Change from the corresponding month of the previous year in %,overall headline CPI; conservative availability on 15th next month; not an archived-release reconstruction
2021-06,0.604486,2021-07-15,SNB data portal / SFSO,plkopr,Change from the corresponding month of the previous year in %,overall headline CPI; conservative availability on 15th next month; not an archived-release reconstruction
2021-07,0.678769,2021-08-15,SNB data portal / SFSO,plkopr,Change from the corresponding month of the previous year in %,overall headline CPI; conservative availability on 15th next month; not an archived-release reconstruction
2021-08,0.881618,2021-09-15,SNB data portal / SFSO,plkopr,Change from the corresponding month of the previous year in %,overall headline CPI; conservative availability on 15th next month; not an archived-release reconstruction
2021-09,0.942422,2021-10-15,SNB data portal / SFSO,plkopr,Change from the corresponding month of the previous year in %,overall headline CPI; conservative availability on 15th next month; not an archived-release reconstruction
2021-10,1.241816,2021-11-15,SNB data portal / SFSO,plkopr,Change from the corresponding month of the previous year in %,overall headline CPI; conservative availability on 15th next month; not an archived-release reconstruction
2021-11,1.532814,2021-12-15,SNB data portal / SFSO,plkopr,Change from the corresponding month of the previous year in %,overall headline CPI; conservative availability on 15th next month; not an archived-release reconstruction
2021-12,1.531035,2022-01-15,SNB data portal / SFSO,plkopr,Change from the corresponding month of the previous year in %,overall headline CPI; conservative availability on 15th next month; not an archived-release reconstruction
2022-01,1.648718,2022-02-15,SNB data portal / SFSO,plkopr,Change from the corresponding month of the previous year in %,overall headline CPI; conservative availability on 15th next month; not an archived-release reconstruction
2022-02,2.150828,2022-03-15,SNB data portal / SFSO,plkopr,Change from the corresponding month of the previous year in %,overall headline CPI; conservative availability on 15th next month; not an archived-release reconstruction
2022-03,2.386173,2022-04-15,SNB data portal / SFSO,plkopr,Change from the corresponding month of the previous year in %,overall headline CPI; conservative availability on 15th next month; not an archived-release reconstruction
2022-04,2.548140,2022-05-15,SNB data portal / SFSO,plkopr,Change from the corresponding month of the previous year in %,overall headline CPI; conservative availability on 15th next month; not an archived-release reconstruction
2022-05,2.942462,2022-06-15,SNB data portal / SFSO,plkopr,Change from the corresponding month of the previous year in %,overall headline CPI; conservative availability on 15th next month; not an archived-release reconstruction
2022-06,3.384922,2022-07-15,SNB data portal / SFSO,plkopr,Change from the corresponding month of the previous year in %,overall headline CPI; conservative availability on 15th next month; not an archived-release reconstruction
2022-07,3.433420,2022-08-15,SNB data portal / SFSO,plkopr,Change from the corresponding month of the previous year in %,overall headline CPI; conservative availability on 15th next month; not an archived-release reconstruction
2022-08,3.452147,2022-09-15,SNB data portal / SFSO,plkopr,Change from the corresponding month of the previous year in %,overall headline CPI; conservative availability on 15th next month; not an archived-release reconstruction
2022-09,3.252426,2022-10-15,SNB data portal / SFSO,plkopr,Change from the corresponding month of the previous year in %,overall headline CPI; conservative availability on 15th next month; not an archived-release reconstruction
2022-10,2.995989,2022-11-15,SNB data portal / SFSO,plkopr,Change from the corresponding month of the previous year in %,overall headline CPI; conservative availability on 15th next month; not an archived-release reconstruction
2022-11,2.960215,2022-12-15,SNB data portal / SFSO,plkopr,Change from the corresponding month of the previous year in %,overall headline CPI; conservative availability on 15th next month; not an archived-release reconstruction
2022-12,2.840423,2023-01-15,SNB data portal / SFSO,plkopr,Change from the corresponding month of the previous year in %,overall headline CPI; conservative availability on 15th next month; not an archived-release reconstruction
2023-01,3.282541,2023-02-15,SNB data portal / SFSO,plkopr,Change from the corresponding month of the previous year in %,overall headline CPI; conservative availability on 15th next month; not an archived-release reconstruction
2023-02,3.371875,2023-03-15,SNB data portal / SFSO,plkopr,Change from the corresponding month of the previous year in %,overall headline CPI; conservative availability on 15th next month; not an archived-release reconstruction
2023-03,2.945246,2023-04-15,SNB data portal / SFSO,plkopr,Change from the corresponding month of the previous year in %,overall headline CPI; conservative availability on 15th next month; not an archived-release reconstruction
2023-04,2.565336,2023-05-15,SNB data portal / SFSO,plkopr,Change from the corresponding month of the previous year in %,overall headline CPI; conservative availability on 15th next month; not an archived-release reconstruction
2023-05,2.158779,2023-06-15,SNB data portal / SFSO,plkopr,Change from the corresponding month of the previous year in %,overall headline CPI; conservative availability on 15th next month; not an archived-release reconstruction
2023-06,1.710809,2023-07-15,SNB data portal / SFSO,plkopr,Change from the corresponding month of the previous year in %,overall headline CPI; conservative availability on 15th next month; not an archived-release reconstruction
2023-07,1.605125,2023-08-15,SNB data portal / SFSO,plkopr,Change from the corresponding month of the previous year in %,overall headline CPI; conservative availability on 15th next month; not an archived-release reconstruction
2023-08,1.554256,2023-09-15,SNB data portal / SFSO,plkopr,Change from the corresponding month of the previous year in %,overall headline CPI; conservative availability on 15th next month; not an archived-release reconstruction
2023-09,1.654744,2023-10-15,SNB data portal / SFSO,plkopr,Change from the corresponding month of the previous year in %,overall headline CPI; conservative availability on 15th next month; not an archived-release reconstruction
2023-10,1.693510,2023-11-15,SNB data portal / SFSO,plkopr,Change from the corresponding month of the previous year in %,overall headline CPI; conservative availability on 15th next month; not an archived-release reconstruction
2023-11,1.443684,2023-12-15,SNB data portal / SFSO,plkopr,Change from the corresponding month of the previous year in %,overall headline CPI; conservative availability on 15th next month; not an archived-release reconstruction
2023-12,1.714762,2024-01-15,SNB data portal / SFSO,plkopr,Change from the corresponding month of the previous year in %,overall headline CPI; conservative availability on 15th next month; not an archived-release reconstruction
2024-01,1.278657,2024-02-15,SNB data portal / SFSO,plkopr,Change from the corresponding month of the previous year in %,overall headline CPI; conservative availability on 15th next month; not an archived-release reconstruction
2024-02,1.168439,2024-03-15,SNB data portal / SFSO,plkopr,Change from the corresponding month of the previous year in %,overall headline CPI; conservative availability on 15th next month; not an archived-release reconstruction
2024-03,1.044971,2024-04-15,SNB data portal / SFSO,plkopr,Change from the corresponding month of the previous year in %,overall headline CPI; conservative availability on 15th next month; not an archived-release reconstruction
2024-04,1.367780,2024-05-15,SNB data portal / SFSO,plkopr,Change from the corresponding month of the previous year in %,overall headline CPI; conservative availability on 15th next month; not an archived-release reconstruction
2024-05,1.390020,2024-06-15,SNB data portal / SFSO,plkopr,Change from the corresponding month of the previous year in %,overall headline CPI; conservative availability on 15th next month; not an archived-release reconstruction
2024-06,1.328084,2024-07-15,SNB data portal / SFSO,plkopr,Change from the corresponding month of the previous year in %,overall headline CPI; conservative availability on 15th next month; not an archived-release reconstruction
2024-07,1.290587,2024-08-15,SNB data portal / SFSO,plkopr,Change from the corresponding month of the previous year in %,overall headline CPI; conservative availability on 15th next month; not an archived-release reconstruction
2024-08,1.060383,2024-09-15,SNB data portal / SFSO,plkopr,Change from the corresponding month of the previous year in %,overall headline CPI; conservative availability on 15th next month; not an archived-release reconstruction
2024-09,0.842924,2024-10-15,SNB data portal / SFSO,plkopr,Change from the corresponding month of the previous year in %,overall headline CPI; conservative availability on 15th next month; not an archived-release reconstruction
2024-10,0.622870,2024-11-15,SNB data portal / SFSO,plkopr,Change from the corresponding month of the previous year in %,overall headline CPI; conservative availability on 15th next month; not an archived-release reconstruction
2024-11,0.730659,2024-12-15,SNB data portal / SFSO,plkopr,Change from the corresponding month of the previous year in %,overall headline CPI; conservative availability on 15th next month; not an archived-release reconstruction
2024-12,0.626393,2025-01-15,SNB data portal / SFSO,plkopr,Change from the corresponding month of the previous year in %,overall headline CPI; conservative availability on 15th next month; not an archived-release reconstruction
2025-01,0.401572,2025-02-15,SNB data portal / SFSO,plkopr,Change from the corresponding month of the previous year in %,overall headline CPI; conservative availability on 15th next month; not an archived-release reconstruction
2025-02,0.324719,2025-03-15,SNB data portal / SFSO,plkopr,Change from the corresponding month of the previous year in %,overall headline CPI; conservative availability on 15th next month; not an archived-release reconstruction
2025-03,0.342292,2025-04-15,SNB data portal / SFSO,plkopr,Change from the corresponding month of the previous year in %,overall headline CPI; conservative availability on 15th next month; not an archived-release reconstruction
2025-04,0.034340,2025-05-15,SNB data portal / SFSO,plkopr,Change from the corresponding month of the previous year in %,overall headline CPI; conservative availability on 15th next month; not an archived-release reconstruction
2025-05,-0.099762,2025-06-15,SNB data portal / SFSO,plkopr,Change from the corresponding month of the previous year in %,overall headline CPI; conservative availability on 15th next month; not an archived-release reconstruction
2025-06,0.077922,2025-07-15,SNB data portal / SFSO,plkopr,Change from the corresponding month of the previous year in %,overall headline CPI; conservative availability on 15th next month; not an archived-release reconstruction
2025-07,0.217976,2025-08-15,SNB data portal / SFSO,plkopr,Change from the corresponding month of the previous year in %,overall headline CPI; conservative availability on 15th next month; not an archived-release reconstruction
2025-08,0.152167,2025-09-15,SNB data portal / SFSO,plkopr,Change from the corresponding month of the previous year in %,overall headline CPI; conservative availability on 15th next month; not an archived-release reconstruction
2025-09,0.224430,2025-10-15,SNB data portal / SFSO,plkopr,Change from the corresponding month of the previous year in %,overall headline CPI; conservative availability on 15th next month; not an archived-release reconstruction
2025-10,0.095978,2025-11-15,SNB data portal / SFSO,plkopr,Change from the corresponding month of the previous year in %,overall headline CPI; conservative availability on 15th next month; not an archived-release reconstruction
2025-11,0.021202,2025-12-15,SNB data portal / SFSO,plkopr,Change from the corresponding month of the previous year in %,overall headline CPI; conservative availability on 15th next month; not an archived-release reconstruction
2025-12,0.063240,2026-01-15,SNB data portal / SFSO,plkopr,Change from the corresponding month of the previous year in %,overall headline CPI; conservative availability on 15th next month; not an archived-release reconstruction
2026-01,0.058068,2026-02-15,SNB data portal / SFSO,plkopr,Change from the corresponding month of the previous year in %,overall headline CPI; conservative availability on 15th next month; not an archived-release reconstruction
2026-02,0.130722,2026-03-15,SNB data portal / SFSO,plkopr,Change from the corresponding month of the previous year in %,overall headline CPI; conservative availability on 15th next month; not an archived-release reconstruction
2026-03,0.314654,2026-04-15,SNB data portal / SFSO,plkopr,Change from the corresponding month of the previous year in %,overall headline CPI; conservative availability on 15th next month; not an archived-release reconstruction
2026-04,0.601893,2026-05-15,SNB data portal / SFSO,plkopr,Change from the corresponding month of the previous year in %,overall headline CPI; conservative availability on 15th next month; not an archived-release reconstruction
2026-05,0.615865,2026-06-15,SNB data portal / SFSO,plkopr,Change from the corresponding month of the previous year in %,overall headline CPI; conservative availability on 15th next month; not an archived-release reconstruction
2026-06,0.451199,2026-07-15,SNB data portal / SFSO,plkopr,Change from the corresponding month of the previous year in %,overall headline CPI; conservative availability on 15th next month; not an archived-release reconstruction
2026-07,0.354234,2026-08-15,SNB data portal / SFSO,plkopr,Change from the corresponding month of the previous year in %,overall headline CPI; conservative availability on 15th next month; not an archived-release reconstruction
2026-08,0.807246,2026-09-15,SNB data portal / SFSO,plkopr,Change from the corresponding month of the previous year in %,overall headline CPI; conservative availability on 15th next month; not an archived-release reconstruction
