reference_month,annual_rate_pct,dataset,geo_code,service_code,unit_code
2024-01,4.0,prc_hicp_fpd,EA20,SERV,RCH_A
2024-02,4.0,prc_hicp_fpd,EA20,SERV,RCH_A
2024-03,4.0,prc_hicp_fpd,EA20,SERV,RCH_A
2024-04,3.7,prc_hicp_fpd,EA20,SERV,RCH_A
2024-05,4.1,prc_hicp_fpd,EA20,SERV,RCH_A
2024-06,4.1,prc_hicp_fpd,EA20,SERV,RCH_A
2024-07,4.0,prc_hicp_fpd,EA20,SERV,RCH_A
2024-08,4.1,prc_hicp_fpd,EA20,SERV,RCH_A
2024-09,3.9,prc_hicp_fpd,EA20,SERV,RCH_A
2024-10,3.9,prc_hicp_fpd,EA20,SERV,RCH_A
2024-11,3.9,prc_hicp_fpd,EA20,SERV,RCH_A
2024-12,4.0,prc_hicp_fpd,EA20,SERV,RCH_A
2025-01,3.9,prc_hicp_fpd,EA20,SERV,RCH_A
2025-02,3.7,prc_hicp_fpd,EA20,SERV,RCH_A
2025-03,3.4,prc_hicp_fpd,EA20,SERV,RCH_A
2025-04,4.0,prc_hicp_fpd,EA20,SERV,RCH_A
2025-05,3.2,prc_hicp_fpd,EA20,SERV,RCH_A
2025-06,3.3,prc_hicp_fpd,EA20,SERV,RCH_A
2025-07,3.2,prc_hicp_fpd,EA20,SERV,RCH_A
2025-08,3.1,prc_hicp_fpd,EA20,SERV,RCH_A
2025-09,3.2,prc_hicp_fpd,EA20,SERV,RCH_A
2025-10,3.4,prc_hicp_fpd,EA20,SERV,RCH_A
2025-11,3.5,prc_hicp_fpd,EA20,SERV,RCH_A
2025-12,3.4,prc_hicp_fpd,EA20,SERV,RCH_A
2026-01,3.2,prc_hicp_fpd,EA21,SERV,RCH_A
2026-02,3.3,prc_hicp_fpd,EA21,SERV,RCH_A
2026-03,3.2,prc_hicp_fpd,EA21,SERV,RCH_A
2026-04,3.0,prc_hicp_fpd,EA21,SERV,RCH_A
2026-05,3.5,prc_hicp_fpd,EA21,SERV,RCH_A
2026-06,3.3,prc_hicp_fpd,EA21,SERV,RCH_A
2026-07,3.3,prc_hicp_fpd,EA21,SERV,RCH_A
2026-08,3.0,prc_hicp_fpd,EA21,SERV,RCH_A
