publication_date,reference_period,employment_rate,unemployment_rate
2018-01-24,Sep-Nov 2017,75.34926835261689,4.27805869168212
2018-02-21,Oct-Dec 2017,75.1803426983086,4.374162742834258
2018-03-21,Nov-Jan 2018,75.33930386408801,4.312561495218863
2018-04-17,Dec-Feb 2018,75.40146483613745,4.225253454202045
2018-05-15,Jan-Mar 2018,75.58622268300167,4.219014883928632
2018-06-12,Feb-Apr 2018,75.62884420963238,4.187727861319857
2018-07-17,Mar-May 2018,75.66048802490114,4.172919883857058
2018-08-14,Apr-Jun 2018,75.55904688895568,4.02997248799804
2018-09-11,May-Jul 2018,75.50215210538303,4.03038828669491
2018-10-16,Jun-Aug 2018,75.52870150507239,4.039013071721387
2018-11-13,Jul-Sep 2018,75.51207794069495,4.087876198810583
2018-12-11,Aug-Oct 2018,75.6954346317115,4.076363780193034
2019-01-22,Sep-Nov 2018,75.75672784338475,4.045540748413609
2019-02-19,Oct-Dec 2018,75.83308108113641,4.013542133456176
2019-03-19,Nov-Jan 2019,76.10609445432462,3.9305619794545645
2019-04-16,Dec-Feb 2019,76.12745376637831,3.9415311310725794
2019-05-14,Jan-Mar 2019,76.05695076771788,3.817800811281798
2019-06-11,Feb-Apr 2019,76.11326867943907,3.830274364864547
2019-07-16,Mar-May 2019,76.04941677857003,3.7956112354399845
2019-08-13,Apr-Jun 2019,76.1023670738881,3.89283843089975
2019-09-10,May-Jul 2019,76.126454616972,3.7970491994482756
2019-10-15,Jun-Aug 2019,75.87426576689246,3.86274071520731
2019-11-12,Jul-Sep 2019,76.046652812032,3.8331977712048126
2019-12-17,Aug-Oct 2019,76.1530817783844,3.7571341518007237
2020-01-21,Sep-Nov 2019,76.34251863893712,3.8185632777397527
2020-02-18,Oct-Dec 2019,76.47129878097778,3.7685130150272883
2020-03-17,Nov-Jan 2020,76.45668706833142,3.9128489079581894
2020-04-21,Dec-Feb 2020,76.56172688194151,3.9612129698626535
2020-05-19,Jan-Mar 2020,76.63548184430748,3.9067611378108573
2020-06-16,Feb-Apr 2020,76.3694002225537,3.8906548453838745
2020-07-16,Mar-May 2020,76.37743412303111,3.9282748891325583
2020-08-11,Apr-Jun 2020,76.44737211535316,3.904347223767507
2020-09-15,May-Jul 2020,76.51883056173573,4.065486729902063
2020-10-13,Jun-Aug 2020,75.56054041329585,4.46240664838921
2020-11-10,Jul-Sep 2020,75.25353841486388,4.75681141795272
2020-12-15,Aug-Oct 2020,75.23535421190964,4.944242966072483
2021-01-26,Sep-Nov 2020,75.19455189192311,5.038246663185682
2021-02-23,Dec-Feb 2020,76.56172688194151,3.9612129698626535
2021-03-23,Dec-Feb 2020,76.56172688194151,3.9612129698626535
2021-04-20,Dec-Feb 2020,76.56172688194151,3.9612129698626535
2021-05-18,Dec-Feb 2020,76.56172688194151,3.9612129698626535
2021-06-15,Dec-Feb 2020,76.56172688194151,3.9612129698626535
2021-07-15,Mar-May 2021,74.80488862544532,4.8394430809746956
2021-08-17,Apr-Jun 2021,75.07231256680996,4.723914715883325
2021-09-14,May-Jul 2021,75.22120293547493,4.572463026621522
2021-10-12,Jun-Aug 2021,75.3043705411358,4.451371911166201
2021-11-16,Jul-Sep 2021,75.42677881556595,4.26313387581589
2021-12-14,Aug-Oct 2021,75.46181160971929,4.195305645383933
2022-01-18,Sep-Nov 2021,75.4639778814649,4.082857550002763
2022-02-15,Oct-Dec 2021,75.51605508093748,4.059051260541386
2022-03-15,Nov-Jan 2022,75.55086990142341,3.948345481753459
2022-04-12,Dec-Feb 2022,75.48551236597923,3.8378176602693457
2022-05-17,Jan-Mar 2022,75.65852725967244,3.715683695250824
2022-06-14,Feb-Apr 2022,75.6489928170138,3.8216301955089502
2022-07-19,Mar-May 2022,75.86647478543664,3.7641126964380924
2022-08-16,Apr-Jun 2022,75.51821613014229,3.7953427375559685
2022-09-13,May-Jul 2022,75.42420010872787,3.6029769202161277
2022-10-11,Jun-Aug 2022,75.54634721345032,3.5000223471861998
2022-11-15,Jul-Sep 2022,75.47698098837377,3.6051892091333366
2022-12-13,Aug-Oct 2022,75.59093694639333,3.665684634435666
2023-01-17,Sep-Nov 2022,75.56974605634379,3.656750967830987
2023-02-14,Oct-Dec 2022,75.63070509607198,3.7259602881666445
2023-03-14,Nov-Jan 2023,75.72970406869484,3.674042776481275
2023-04-18,Dec-Feb 2023,75.80913932432499,3.7758121816359633
2023-05-16,Jan-Mar 2023,75.87689612382323,3.873161034097286
2023-06-13,Feb-Apr 2023,75.97214972559577,3.794026878564242
2023-07-11,Mar-May 2023,75.97318705203497,3.980191452065697
2023-08-15,Apr-Jun 2023,75.72976282052561,4.186810186608978
2023-09-12,May-Jul 2023,75.48366816492188,4.263528117124111
2024-02-13,Oct-Dec 2023,75.00856523743148,3.826618326559586
2024-03-12,Nov-Jan 2024,74.99878052738637,3.9345812387282777
2024-04-16,Dec-Feb 2024,74.48788745193859,4.183920879300816
2024-05-14,Jan-Mar 2024,74.45131560723493,4.310350873801711
2024-06-11,Feb-Apr 2024,74.29800808204318,4.3808288523937495
2024-07-18,Mar-May 2024,74.36141875030653,4.425089590164177
2024-08-13,Apr-Jun 2024,74.51767193951339,4.157066739255836
2024-09-10,May-Jul 2024,74.78586132769122,4.144399907008651
2024-10-15,Jun-Aug 2024,75.00573818165228,3.9885858711501134
2024-11-12,Jul-Sep 2024,74.81105459351258,4.269362510045977
2024-12-17,Aug-Oct 2024,74.88915267848195,4.275007202916585
2025-01-21,Sep-Nov 2024,74.8410840698709,4.435020061364011
2025-02-18,Oct-Dec 2024,74.93822313342409,4.396164370332389
2025-03-20,Nov-Jan 2025,75.00601776551392,4.357488466650864
2025-04-15,Dec-Feb 2025,75.0660498680071,4.426205366360878
2025-05-13,Jan-Mar 2025,74.99944542757727,4.534514640820783
2025-06-10,Feb-Apr 2025,75.05770515317292,4.599884019084734
2025-07-17,Mar-May 2025,75.24122123130742,4.6724225923296565
2025-08-12,Apr-Jun 2025,75.26846091508999,4.660112016859193
2025-09-16,May-Jul 2025,75.17409349840463,4.6608545890702
2025-10-14,Jun-Aug 2025,75.06359341786076,4.829894786150753
2025-11-11,Jul-Sep 2025,75.041594544953,4.972275584789109
2025-12-16,Aug-Oct 2025,74.9158306561964,5.080366129287464
2026-01-20,Sep-Nov 2025,75.09299160042369,5.090501464082376
2026-02-17,Oct-Dec 2025,74.95973281412655,5.211883820100344
2026-03-19,Nov-Jan 2026,75.09228484306473,5.165230943591119
2026-04-21,Dec-Feb 2026,75.04063813000661,4.929873729990461
2026-05-19,Jan-Mar 2026,75.01094976474691,4.98880842676805
2026-06-18,Feb-Apr 2026,75.04491954777976,4.875989109771934
2026-07-21,Mar-May 2026,75.12131044275336,4.856040545003204
2026-08-18,Apr-Jun 2026,75.1128317922374,4.890155457452176
2026-09-15,May-Jul 2026,75.0771391113505,4.904723348004991
