available_date,reference_month,index_value,yoy_pct,series_id,source_url
24 January 2018,2017-11,161.9,2.3388116308470375,K54L,https://www.ons.gov.uk/employmentandlabourmarket/peopleinwork/earningsandworkinghours/timeseries/k54l/emp/previous/v27
21 February 2018,2017-12,162.2,2.658227848101258,K54L,https://www.ons.gov.uk/employmentandlabourmarket/peopleinwork/earningsandworkinghours/timeseries/k54l/emp/previous/v28
21 March 2018,2018-01,162.5,2.783048703352309,K54L,https://www.ons.gov.uk/employmentandlabourmarket/peopleinwork/earningsandworkinghours/timeseries/k54l/emp/previous/v29
17 April 2018,2018-02,162.9,2.905874921036,K54L,https://www.ons.gov.uk/employmentandlabourmarket/peopleinwork/earningsandworkinghours/timeseries/k54l/emp/previous/v30
15 May 2018,2018-03,163.3,2.9634300126103463,K54L,https://www.ons.gov.uk/employmentandlabourmarket/peopleinwork/earningsandworkinghours/timeseries/k54l/emp/previous/v31
12 June 2018,2018-04,163.3,2.5109855618330235,K54L,https://www.ons.gov.uk/employmentandlabourmarket/peopleinwork/earningsandworkinghours/timeseries/k54l/emp/previous/v32
17 July 2018,2018-05,163.9,2.629931120851614,K54L,https://www.ons.gov.uk/employmentandlabourmarket/peopleinwork/earningsandworkinghours/timeseries/k54l/emp/previous/v33
14 August 2018,2018-06,164.4,2.814258911819878,K54L,https://www.ons.gov.uk/employmentandlabourmarket/peopleinwork/earningsandworkinghours/timeseries/k54l/emp/previous/v34
11 September 2018,2018-07,165.1,3.1230480949406614,K54L,https://www.ons.gov.uk/employmentandlabourmarket/peopleinwork/earningsandworkinghours/timeseries/k54l/emp/previous/v35
16 October 2018,2018-08,165.8,3.1736154324829124,K54L,https://www.ons.gov.uk/employmentandlabourmarket/peopleinwork/earningsandworkinghours/timeseries/k54l/emp/previous/v36
13 November 2018,2018-09,166.2,3.165735567970196,K54L,https://www.ons.gov.uk/employmentandlabourmarket/peopleinwork/earningsandworkinghours/timeseries/k54l/emp/previous/v37
11 December 2018,2018-10,167.0,3.4696406443618377,K54L,https://www.ons.gov.uk/employmentandlabourmarket/peopleinwork/earningsandworkinghours/timeseries/k54l/emp/previous/v38
22 January 2019,2018-11,166.7,3.347799132052054,K54L,https://www.ons.gov.uk/employmentandlabourmarket/peopleinwork/earningsandworkinghours/timeseries/k54l/emp/previous/v39
19 February 2019,2018-12,167.0,3.213844252163156,K54L,https://www.ons.gov.uk/employmentandlabourmarket/peopleinwork/earningsandworkinghours/timeseries/k54l/emp/previous/v40
19 March 2019,2019-01,167.6,3.4567901234567877,K54L,https://www.ons.gov.uk/employmentandlabourmarket/peopleinwork/earningsandworkinghours/timeseries/k54l/emp/previous/v41
16 April 2019,2019-02,167.6,3.1384615384615344,K54L,https://www.ons.gov.uk/employmentandlabourmarket/peopleinwork/earningsandworkinghours/timeseries/k54l/emp/previous/v42
14 May 2019,2019-03,167.8,2.944785276073625,K54L,https://www.ons.gov.uk/employmentandlabourmarket/peopleinwork/earningsandworkinghours/timeseries/k54l/emp/previous/v43
11 June 2019,2019-04,169.2,3.8036809815950923,K54L,https://www.ons.gov.uk/employmentandlabourmarket/peopleinwork/earningsandworkinghours/timeseries/k54l/emp/previous/v44
16 July 2019,2019-05,169.7,3.792048929663605,K54L,https://www.ons.gov.uk/employmentandlabourmarket/peopleinwork/earningsandworkinghours/timeseries/k54l/emp/previous/v45
13 August 2019,2019-06,170.3,3.904820012202559,K54L,https://www.ons.gov.uk/employmentandlabourmarket/peopleinwork/earningsandworkinghours/timeseries/k54l/emp/previous/v46
10 September 2019,2019-07,170.9,3.7014563106796183,K54L,https://www.ons.gov.uk/employmentandlabourmarket/peopleinwork/earningsandworkinghours/timeseries/k54l/emp/previous/v47
15 October 2019,2019-08,171.6,3.7484885126964906,K54L,https://www.ons.gov.uk/employmentandlabourmarket/peopleinwork/earningsandworkinghours/timeseries/k54l/emp/previous/v48
12 November 2019,2019-09,171.4,3.4399517199758645,K54L,https://www.ons.gov.uk/employmentandlabourmarket/peopleinwork/earningsandworkinghours/timeseries/k54l/emp/previous/v49
17 December 2019,2019-10,171.9,3.2432432432432545,K54L,https://www.ons.gov.uk/employmentandlabourmarket/peopleinwork/earningsandworkinghours/timeseries/k54l/emp/previous/v50
21 January 2020,2019-11,172.3,3.2973621103117523,K54L,https://www.ons.gov.uk/employmentandlabourmarket/peopleinwork/earningsandworkinghours/timeseries/k54l/emp/previous/v51
18 February 2020,2019-12,172.5,3.169856459330145,K54L,https://www.ons.gov.uk/employmentandlabourmarket/peopleinwork/earningsandworkinghours/timeseries/k54l/emp/previous/v52
17 March 2020,2020-01,172.6,2.7992852888624187,K54L,https://www.ons.gov.uk/employmentandlabourmarket/peopleinwork/earningsandworkinghours/timeseries/k54l/emp/previous/v53
21 April 2020,2020-02,172.4,2.741358760429069,K54L,https://www.ons.gov.uk/employmentandlabourmarket/peopleinwork/earningsandworkinghours/timeseries/k54l/emp/previous/v54
19 May 2020,2020-03,172.1,2.3795359904818625,K54L,https://www.ons.gov.uk/employmentandlabourmarket/peopleinwork/earningsandworkinghours/timeseries/k54l/emp/previous/v55
16 June 2020,2020-04,169.6,-0.058927519151441565,K54L,https://www.ons.gov.uk/employmentandlabourmarket/peopleinwork/earningsandworkinghours/timeseries/k54l/emp/previous/v56
16 July 2020,2020-05,169.9,-0.05882352941176672,K54L,https://www.ons.gov.uk/employmentandlabourmarket/peopleinwork/earningsandworkinghours/timeseries/k54l/emp/previous/v57
11 August 2020,2020-06,170.1,-0.2930832356389246,K54L,https://www.ons.gov.uk/employmentandlabourmarket/peopleinwork/earningsandworkinghours/timeseries/k54l/emp/previous/v58
15 September 2020,2020-07,172.5,0.8771929824561431,K54L,https://www.ons.gov.uk/employmentandlabourmarket/peopleinwork/earningsandworkinghours/timeseries/k54l/emp/previous/v59
13 October 2020,2020-08,174.2,1.6929363689433652,K54L,https://www.ons.gov.uk/employmentandlabourmarket/peopleinwork/earningsandworkinghours/timeseries/k54l/emp/previous/v60
10 November 2020,2020-09,176.4,2.857142857142869,K54L,https://www.ons.gov.uk/employmentandlabourmarket/peopleinwork/earningsandworkinghours/timeseries/k54l/emp/previous/v61
15 December 2020,2020-10,177.9,3.5506402793946457,K54L,https://www.ons.gov.uk/employmentandlabourmarket/peopleinwork/earningsandworkinghours/timeseries/k54l/emp/previous/v62
26 January 2021,2020-11,179.2,4.1860465116279055,K54L,https://www.ons.gov.uk/employmentandlabourmarket/peopleinwork/earningsandworkinghours/timeseries/k54l/emp/previous/v63
23 February 2021,2020-12,179.9,4.471544715447173,K54L,https://www.ons.gov.uk/employmentandlabourmarket/peopleinwork/earningsandworkinghours/timeseries/k54l/emp/previous/v64
23 March 2021,2021-01,179.4,4.120719674985485,K54L,https://www.ons.gov.uk/employmentandlabourmarket/peopleinwork/earningsandworkinghours/timeseries/k54l/emp/previous/v65
20 April 2021,2021-02,180.2,4.463768115942024,K54L,https://www.ons.gov.uk/employmentandlabourmarket/peopleinwork/earningsandworkinghours/timeseries/k54l/emp/previous/v66
18 May 2021,2021-03,180.5,4.941860465116288,K54L,https://www.ons.gov.uk/employmentandlabourmarket/peopleinwork/earningsandworkinghours/timeseries/k54l/emp/previous/v67
15 June 2021,2021-04,181.9,7.315634218289091,K54L,https://www.ons.gov.uk/employmentandlabourmarket/peopleinwork/earningsandworkinghours/timeseries/k54l/emp/previous/v68
15 July 2021,2021-05,182.1,7.3070123747790205,K54L,https://www.ons.gov.uk/employmentandlabourmarket/peopleinwork/earningsandworkinghours/timeseries/k54l/emp/previous/v69
17 August 2021,2021-06,182.5,7.163828537874339,K54L,https://www.ons.gov.uk/employmentandlabourmarket/peopleinwork/earningsandworkinghours/timeseries/k54l/emp/previous/v70
14 September 2021,2021-07,182.8,5.909617612977991,K54L,https://www.ons.gov.uk/employmentandlabourmarket/peopleinwork/earningsandworkinghours/timeseries/k54l/emp/previous/v71
12 October 2021,2021-08,183.5,5.037206639954217,K54L,https://www.ons.gov.uk/employmentandlabourmarket/peopleinwork/earningsandworkinghours/timeseries/k54l/emp/previous/v72
16 November 2021,2021-09,183.6,3.9049235993208864,K54L,https://www.ons.gov.uk/employmentandlabourmarket/peopleinwork/earningsandworkinghours/timeseries/k54l/emp/previous/v73
14 December 2021,2021-10,184.7,3.8223721191680715,K54L,https://www.ons.gov.uk/employmentandlabourmarket/peopleinwork/earningsandworkinghours/timeseries/k54l/emp/previous/v74
18 January 2022,2021-11,185.4,3.5175879396984966,K54L,https://www.ons.gov.uk/employmentandlabourmarket/peopleinwork/earningsandworkinghours/timeseries/k54l/emp/previous/v75
15 February 2022,2021-12,186.3,3.61512791991101,K54L,https://www.ons.gov.uk/employmentandlabourmarket/peopleinwork/earningsandworkinghours/timeseries/k54l/emp/previous/v76
15 March 2022,2022-01,187.1,4.117974401780744,K54L,https://www.ons.gov.uk/employmentandlabourmarket/peopleinwork/earningsandworkinghours/timeseries/k54l/emp/previous/v77
12 April 2022,2022-02,187.6,4.048807542983912,K54L,https://www.ons.gov.uk/employmentandlabourmarket/peopleinwork/earningsandworkinghours/timeseries/k54l/emp/previous/v78
17 May 2022,2022-03,188.1,4.152823920265791,K54L,https://www.ons.gov.uk/employmentandlabourmarket/peopleinwork/earningsandworkinghours/timeseries/k54l/emp/previous/v79
14 June 2022,2022-04,189.4,4.123144584936789,K54L,https://www.ons.gov.uk/employmentandlabourmarket/peopleinwork/earningsandworkinghours/timeseries/k54l/emp/previous/v80
19 July 2022,2022-05,190.6,4.667764964305321,K54L,https://www.ons.gov.uk/employmentandlabourmarket/peopleinwork/earningsandworkinghours/timeseries/k54l/emp/previous/v81
16 August 2022,2022-06,191.4,4.991771804717504,K54L,https://www.ons.gov.uk/employmentandlabourmarket/peopleinwork/earningsandworkinghours/timeseries/k54l/emp/previous/v82
13 September 2022,2022-07,192.7,5.473453749315826,K54L,https://www.ons.gov.uk/employmentandlabourmarket/peopleinwork/earningsandworkinghours/timeseries/k54l/emp/previous/v83
11 October 2022,2022-08,193.6,5.561613958560518,K54L,https://www.ons.gov.uk/employmentandlabourmarket/peopleinwork/earningsandworkinghours/timeseries/k54l/emp/previous/v84
15 November 2022,2022-09,194.9,5.981511691136476,K54L,https://www.ons.gov.uk/employmentandlabourmarket/peopleinwork/earningsandworkinghours/timeseries/k54l/emp/previous/v85
13 December 2022,2022-10,196.5,6.4463705308775765,K54L,https://www.ons.gov.uk/employmentandlabourmarket/peopleinwork/earningsandworkinghours/timeseries/k54l/emp/previous/v86
17 January 2023,2022-11,197.6,6.695464362850978,K54L,https://www.ons.gov.uk/employmentandlabourmarket/peopleinwork/earningsandworkinghours/timeseries/k54l/emp/previous/v87
14 February 2023,2022-12,198.5,6.605800214822777,K54L,https://www.ons.gov.uk/employmentandlabourmarket/peopleinwork/earningsandworkinghours/timeseries/k54l/emp/previous/v88
14 March 2023,2023-01,198.8,6.026666666666669,K54L,https://www.ons.gov.uk/employmentandlabourmarket/peopleinwork/earningsandworkinghours/timeseries/k54l/emp/previous/v89
18 April 2023,2023-02,200.9,6.9755058572949835,K54L,https://www.ons.gov.uk/employmentandlabourmarket/peopleinwork/earningsandworkinghours/timeseries/k54l/emp/previous/v90
16 May 2023,2023-03,201.6,6.892895015906686,K54L,https://www.ons.gov.uk/employmentandlabourmarket/peopleinwork/earningsandworkinghours/timeseries/k54l/emp/previous/v91
13 June 2023,2023-04,203.3,7.452431289640615,K54L,https://www.ons.gov.uk/employmentandlabourmarket/peopleinwork/earningsandworkinghours/timeseries/k54l/emp/previous/v92
11 July 2023,2023-05,204.7,7.116692830978533,K54L,https://www.ons.gov.uk/employmentandlabourmarket/peopleinwork/earningsandworkinghours/timeseries/k54l/emp/previous/v93
15 August 2023,2023-06,206.8,7.933194154488521,K54L,https://www.ons.gov.uk/employmentandlabourmarket/peopleinwork/earningsandworkinghours/timeseries/k54l/emp/previous/v94
12 September 2023,2023-07,208.0,7.772020725388606,K54L,https://www.ons.gov.uk/employmentandlabourmarket/peopleinwork/earningsandworkinghours/timeseries/k54l/emp/previous/v95
14 November 2023,2023-09,209.6,7.542329399692149,K54L,https://www.ons.gov.uk/employmentandlabourmarket/peopleinwork/earningsandworkinghours/timeseries/k54l/emp/previous/v96
12 December 2023,2023-10,209.0,6.307222787385558,K54L,https://www.ons.gov.uk/employmentandlabourmarket/peopleinwork/earningsandworkinghours/timeseries/k54l/emp/previous/v97
16 January 2024,2023-11,210.0,5.95358224016147,K54L,https://www.ons.gov.uk/employmentandlabourmarket/peopleinwork/earningsandworkinghours/timeseries/k54l/emp/previous/v98
13 February 2024,2023-12,211.1,6.133735545500252,K54L,https://www.ons.gov.uk/employmentandlabourmarket/peopleinwork/earningsandworkinghours/timeseries/k54l/emp/previous/v99
12 March 2024,2024-01,211.6,5.852926463231611,K54L,https://www.ons.gov.uk/employmentandlabourmarket/peopleinwork/earningsandworkinghours/timeseries/k54l/emp/previous/v100
16 April 2024,2024-02,213.4,5.958291956305861,K54L,https://www.ons.gov.uk/employmentandlabourmarket/peopleinwork/earningsandworkinghours/timeseries/k54l/emp/previous/v101
14 May 2024,2024-03,214.8,6.178942165101331,K54L,https://www.ons.gov.uk/employmentandlabourmarket/peopleinwork/earningsandworkinghours/timeseries/k54l/emp/previous/v102
11 June 2024,2024-04,215.8,5.784313725490198,K54L,https://www.ons.gov.uk/employmentandlabourmarket/peopleinwork/earningsandworkinghours/timeseries/k54l/emp/previous/v103
18 July 2024,2024-05,216.8,5.191654536632706,K54L,https://www.ons.gov.uk/employmentandlabourmarket/peopleinwork/earningsandworkinghours/timeseries/k54l/emp/previous/v104
13 August 2024,2024-06,217.6,5.070014485755681,K54L,https://www.ons.gov.uk/employmentandlabourmarket/peopleinwork/earningsandworkinghours/timeseries/k54l/emp/previous/v105
10 September 2024,2024-07,218.3,4.951923076923093,K54L,https://www.ons.gov.uk/employmentandlabourmarket/peopleinwork/earningsandworkinghours/timeseries/k54l/emp/previous/v106
15 October 2024,2024-08,218.6,4.543280726924914,K54L,https://www.ons.gov.uk/employmentandlabourmarket/peopleinwork/earningsandworkinghours/timeseries/k54l/emp/previous/v107
12 November 2024,2024-09,219.7,4.7687172150691515,K54L,https://www.ons.gov.uk/employmentandlabourmarket/peopleinwork/earningsandworkinghours/timeseries/k54l/emp/previous/v108
17 December 2024,2024-10,221.2,5.989458552946814,K54L,https://www.ons.gov.uk/employmentandlabourmarket/peopleinwork/earningsandworkinghours/timeseries/k54l/emp/previous/v109
21 January 2025,2024-11,222.5,5.750950570342206,K54L,https://www.ons.gov.uk/employmentandlabourmarket/peopleinwork/earningsandworkinghours/timeseries/k54l/emp/previous/v110
18 February 2025,2024-12,223.9,6.013257575757591,K54L,https://www.ons.gov.uk/employmentandlabourmarket/peopleinwork/earningsandworkinghours/timeseries/k54l/emp/previous/v111
20 March 2025,2025-01,224.8,6.0877772534214225,K54L,https://www.ons.gov.uk/employmentandlabourmarket/peopleinwork/earningsandworkinghours/timeseries/k54l/emp/previous/v112
15 April 2025,2025-02,226.1,5.753040224508887,K54L,https://www.ons.gov.uk/employmentandlabourmarket/peopleinwork/earningsandworkinghours/timeseries/k54l/emp/previous/v113
13 May 2025,2025-03,226.2,5.013927576601662,K54L,https://www.ons.gov.uk/employmentandlabourmarket/peopleinwork/earningsandworkinghours/timeseries/k54l/emp/previous/v114
10 June 2025,2025-04,227.2,4.990757855822547,K54L,https://www.ons.gov.uk/employmentandlabourmarket/peopleinwork/earningsandworkinghours/timeseries/k54l/emp/previous/v115
17 July 2025,2025-05,228.3,4.965517241379325,K54L,https://www.ons.gov.uk/employmentandlabourmarket/peopleinwork/earningsandworkinghours/timeseries/k54l/emp/previous/v116
12 August 2025,2025-06,228.9,4.7597254004576595,K54L,https://www.ons.gov.uk/employmentandlabourmarket/peopleinwork/earningsandworkinghours/timeseries/k54l/emp/previous/v117
16 September 2025,2025-07,229.5,4.698905109489049,K54L,https://www.ons.gov.uk/employmentandlabourmarket/peopleinwork/earningsandworkinghours/timeseries/k54l/emp/previous/v118
14 October 2025,2025-08,230.0,4.688211197086933,K54L,https://www.ons.gov.uk/employmentandlabourmarket/peopleinwork/earningsandworkinghours/timeseries/k54l/emp/previous/v119
11 November 2025,2025-09,230.8,4.528985507246386,K54L,https://www.ons.gov.uk/employmentandlabourmarket/peopleinwork/earningsandworkinghours/timeseries/k54l/emp/previous/v120
16 December 2025,2025-10,231.8,4.414414414414414,K54L,https://www.ons.gov.uk/employmentandlabourmarket/peopleinwork/earningsandworkinghours/timeseries/k54l/emp/previous/v121
20 January 2026,2025-11,232.3,4.2639138240574415,K54L,https://www.ons.gov.uk/employmentandlabourmarket/peopleinwork/earningsandworkinghours/timeseries/k54l/emp/previous/v122
17 February 2026,2025-12,233.0,3.8787338386089942,K54L,https://www.ons.gov.uk/employmentandlabourmarket/peopleinwork/earningsandworkinghours/timeseries/k54l/emp/previous/v123
19 March 2026,2026-01,232.8,3.5126722987994796,K54L,https://www.ons.gov.uk/employmentandlabourmarket/peopleinwork/earningsandworkinghours/timeseries/k54l/emp/previous/v124
21 April 2026,2026-02,233.4,3.228659885006646,K54L,https://www.ons.gov.uk/employmentandlabourmarket/peopleinwork/earningsandworkinghours/timeseries/k54l/emp/previous/v125
19 May 2026,2026-03,233.6,3.317116320212299,K54L,https://www.ons.gov.uk/employmentandlabourmarket/peopleinwork/earningsandworkinghours/timeseries/k54l/emp/previous/v126
18 June 2026,2026-04,235.2,3.475582930048393,K54L,https://www.ons.gov.uk/employmentandlabourmarket/peopleinwork/earningsandworkinghours/timeseries/k54l/emp/previous/v127
21 July 2026,2026-05,235.8,3.285151116951379,K54L,https://www.ons.gov.uk/employmentandlabourmarket/peopleinwork/earningsandworkinghours/timeseries/k54l/emp/previous/v128
18 August 2026,2026-06,236.9,3.5854831657192943,K54L,https://www.ons.gov.uk/employmentandlabourmarket/peopleinwork/earningsandworkinghours/timeseries/k54l/emp/previous/v129
