available_date,reference_month,annual_rate_pct,series_id,source_url
16 January 2018,2017-12,2.5,D7NN,https://www.ons.gov.uk/economy/inflationandpriceindices/timeseries/d7nn/mm23/previous/v27
13 February 2018,2018-01,2.8,D7NN,https://www.ons.gov.uk/economy/inflationandpriceindices/timeseries/d7nn/mm23/previous/v28
20 March 2018,2018-02,2.4,D7NN,https://www.ons.gov.uk/economy/inflationandpriceindices/timeseries/d7nn/mm23/previous/v29
18 April 2018,2018-03,2.5,D7NN,https://www.ons.gov.uk/economy/inflationandpriceindices/timeseries/d7nn/mm23/previous/v30
23 May 2018,2018-04,2.1,D7NN,https://www.ons.gov.uk/economy/inflationandpriceindices/timeseries/d7nn/mm23/previous/v31
13 June 2018,2018-05,2.3,D7NN,https://www.ons.gov.uk/economy/inflationandpriceindices/timeseries/d7nn/mm23/previous/v32
18 July 2018,2018-06,2.3,D7NN,https://www.ons.gov.uk/economy/inflationandpriceindices/timeseries/d7nn/mm23/previous/v33
15 August 2018,2018-07,2.3,D7NN,https://www.ons.gov.uk/economy/inflationandpriceindices/timeseries/d7nn/mm23/previous/v34
19 September 2018,2018-08,2.5,D7NN,https://www.ons.gov.uk/economy/inflationandpriceindices/timeseries/d7nn/mm23/previous/v35
17 October 2018,2018-09,2.3,D7NN,https://www.ons.gov.uk/economy/inflationandpriceindices/timeseries/d7nn/mm23/previous/v36
14 November 2018,2018-10,2.5,D7NN,https://www.ons.gov.uk/economy/inflationandpriceindices/timeseries/d7nn/mm23/previous/v37
19 December 2018,2018-11,2.5,D7NN,https://www.ons.gov.uk/economy/inflationandpriceindices/timeseries/d7nn/mm23/previous/v38
16 January 2019,2018-12,2.4,D7NN,https://www.ons.gov.uk/economy/inflationandpriceindices/timeseries/d7nn/mm23/previous/v39
13 February 2019,2019-01,2.5,D7NN,https://www.ons.gov.uk/economy/inflationandpriceindices/timeseries/d7nn/mm23/previous/v40
20 March 2019,2019-02,2.5,D7NN,https://www.ons.gov.uk/economy/inflationandpriceindices/timeseries/d7nn/mm23/previous/v41
17 April 2019,2019-03,2.5,D7NN,https://www.ons.gov.uk/economy/inflationandpriceindices/timeseries/d7nn/mm23/previous/v42
22 May 2019,2019-04,2.9,D7NN,https://www.ons.gov.uk/economy/inflationandpriceindices/timeseries/d7nn/mm23/previous/v43
19 June 2019,2019-05,2.6,D7NN,https://www.ons.gov.uk/economy/inflationandpriceindices/timeseries/d7nn/mm23/previous/v44
17 July 2019,2019-06,2.5,D7NN,https://www.ons.gov.uk/economy/inflationandpriceindices/timeseries/d7nn/mm23/previous/v45
14 August 2019,2019-07,2.5,D7NN,https://www.ons.gov.uk/economy/inflationandpriceindices/timeseries/d7nn/mm23/previous/v46
18 September 2019,2019-08,2.2,D7NN,https://www.ons.gov.uk/economy/inflationandpriceindices/timeseries/d7nn/mm23/previous/v47
16 October 2019,2019-09,2.5,D7NN,https://www.ons.gov.uk/economy/inflationandpriceindices/timeseries/d7nn/mm23/previous/v48
13 November 2019,2019-10,2.6,D7NN,https://www.ons.gov.uk/economy/inflationandpriceindices/timeseries/d7nn/mm23/previous/v49
18 December 2019,2019-11,2.5,D7NN,https://www.ons.gov.uk/economy/inflationandpriceindices/timeseries/d7nn/mm23/previous/v50
15 January 2020,2019-12,2.1,D7NN,https://www.ons.gov.uk/economy/inflationandpriceindices/timeseries/d7nn/mm23/previous/v51
19 February 2020,2020-01,2.3,D7NN,https://www.ons.gov.uk/economy/inflationandpriceindices/timeseries/d7nn/mm23/previous/v52
25 March 2020,2020-02,2.5,D7NN,https://www.ons.gov.uk/economy/inflationandpriceindices/timeseries/d7nn/mm23/previous/v53
22 April 2020,2020-03,2.5,D7NN,https://www.ons.gov.uk/economy/inflationandpriceindices/timeseries/d7nn/mm23/previous/v54
20 May 2020,2020-04,2.0,D7NN,https://www.ons.gov.uk/economy/inflationandpriceindices/timeseries/d7nn/mm23/previous/v55
17 June 2020,2020-05,1.9,D7NN,https://www.ons.gov.uk/economy/inflationandpriceindices/timeseries/d7nn/mm23/previous/v56
15 July 2020,2020-06,1.8,D7NN,https://www.ons.gov.uk/economy/inflationandpriceindices/timeseries/d7nn/mm23/previous/v57
19 August 2020,2020-07,2.1,D7NN,https://www.ons.gov.uk/economy/inflationandpriceindices/timeseries/d7nn/mm23/previous/v58
16 September 2020,2020-08,0.6,D7NN,https://www.ons.gov.uk/economy/inflationandpriceindices/timeseries/d7nn/mm23/previous/v59
21 October 2020,2020-09,1.4,D7NN,https://www.ons.gov.uk/economy/inflationandpriceindices/timeseries/d7nn/mm23/previous/v60
18 November 2020,2020-10,1.4,D7NN,https://www.ons.gov.uk/economy/inflationandpriceindices/timeseries/d7nn/mm23/previous/v61
16 December 2020,2020-11,1.4,D7NN,https://www.ons.gov.uk/economy/inflationandpriceindices/timeseries/d7nn/mm23/previous/v62
20 January 2021,2020-12,1.5,D7NN,https://www.ons.gov.uk/economy/inflationandpriceindices/timeseries/d7nn/mm23/previous/v63
17 February 2021,2021-01,1.7,D7NN,https://www.ons.gov.uk/economy/inflationandpriceindices/timeseries/d7nn/mm23/previous/v64
24 March 2021,2021-02,1.5,D7NN,https://www.ons.gov.uk/economy/inflationandpriceindices/timeseries/d7nn/mm23/previous/v65
21 April 2021,2021-03,1.5,D7NN,https://www.ons.gov.uk/economy/inflationandpriceindices/timeseries/d7nn/mm23/previous/v66
19 May 2021,2021-04,1.6,D7NN,https://www.ons.gov.uk/economy/inflationandpriceindices/timeseries/d7nn/mm23/previous/v67
16 June 2021,2021-05,1.9,D7NN,https://www.ons.gov.uk/economy/inflationandpriceindices/timeseries/d7nn/mm23/previous/v68
14 July 2021,2021-06,2.1,D7NN,https://www.ons.gov.uk/economy/inflationandpriceindices/timeseries/d7nn/mm23/previous/v69
18 August 2021,2021-07,1.6,D7NN,https://www.ons.gov.uk/economy/inflationandpriceindices/timeseries/d7nn/mm23/previous/v70
15 September 2021,2021-08,3.0,D7NN,https://www.ons.gov.uk/economy/inflationandpriceindices/timeseries/d7nn/mm23/previous/v71
20 October 2021,2021-09,2.6,D7NN,https://www.ons.gov.uk/economy/inflationandpriceindices/timeseries/d7nn/mm23/previous/v72
17 November 2021,2021-10,3.2,D7NN,https://www.ons.gov.uk/economy/inflationandpriceindices/timeseries/d7nn/mm23/previous/v73
15 December 2021,2021-11,3.3,D7NN,https://www.ons.gov.uk/economy/inflationandpriceindices/timeseries/d7nn/mm23/previous/v74
19 January 2022,2021-12,3.4,D7NN,https://www.ons.gov.uk/economy/inflationandpriceindices/timeseries/d7nn/mm23/previous/v75
16 February 2022,2022-01,3.2,D7NN,https://www.ons.gov.uk/economy/inflationandpriceindices/timeseries/d7nn/mm23/previous/v76
23 March 2022,2022-02,3.5,D7NN,https://www.ons.gov.uk/economy/inflationandpriceindices/timeseries/d7nn/mm23/previous/v77
13 April 2022,2022-03,4.0,D7NN,https://www.ons.gov.uk/economy/inflationandpriceindices/timeseries/d7nn/mm23/previous/v78
18 May 2022,2022-04,4.7,D7NN,https://www.ons.gov.uk/economy/inflationandpriceindices/timeseries/d7nn/mm23/previous/v79
22 June 2022,2022-05,4.9,D7NN,https://www.ons.gov.uk/economy/inflationandpriceindices/timeseries/d7nn/mm23/previous/v80
20 July 2022,2022-06,5.2,D7NN,https://www.ons.gov.uk/economy/inflationandpriceindices/timeseries/d7nn/mm23/previous/v81
17 August 2022,2022-07,5.7,D7NN,https://www.ons.gov.uk/economy/inflationandpriceindices/timeseries/d7nn/mm23/previous/v82
14 September 2022,2022-08,5.9,D7NN,https://www.ons.gov.uk/economy/inflationandpriceindices/timeseries/d7nn/mm23/previous/v83
19 October 2022,2022-09,6.1,D7NN,https://www.ons.gov.uk/economy/inflationandpriceindices/timeseries/d7nn/mm23/previous/v84
16 November 2022,2022-10,6.3,D7NN,https://www.ons.gov.uk/economy/inflationandpriceindices/timeseries/d7nn/mm23/previous/v85
14 December 2022,2022-11,6.3,D7NN,https://www.ons.gov.uk/economy/inflationandpriceindices/timeseries/d7nn/mm23/previous/v86
18 January 2023,2022-12,6.8,D7NN,https://www.ons.gov.uk/economy/inflationandpriceindices/timeseries/d7nn/mm23/previous/v87
15 February 2023,2023-01,6.0,D7NN,https://www.ons.gov.uk/economy/inflationandpriceindices/timeseries/d7nn/mm23/previous/v88
22 March 2023,2023-02,6.6,D7NN,https://www.ons.gov.uk/economy/inflationandpriceindices/timeseries/d7nn/mm23/previous/v89
19 April 2023,2023-03,6.6,D7NN,https://www.ons.gov.uk/economy/inflationandpriceindices/timeseries/d7nn/mm23/previous/v90
24 May 2023,2023-04,6.9,D7NN,https://www.ons.gov.uk/economy/inflationandpriceindices/timeseries/d7nn/mm23/previous/v91
21 June 2023,2023-05,7.4,D7NN,https://www.ons.gov.uk/economy/inflationandpriceindices/timeseries/d7nn/mm23/previous/v92
19 July 2023,2023-06,7.2,D7NN,https://www.ons.gov.uk/economy/inflationandpriceindices/timeseries/d7nn/mm23/previous/v93
16 August 2023,2023-07,7.4,D7NN,https://www.ons.gov.uk/economy/inflationandpriceindices/timeseries/d7nn/mm23/previous/v94
20 September 2023,2023-08,6.8,D7NN,https://www.ons.gov.uk/economy/inflationandpriceindices/timeseries/d7nn/mm23/previous/v95
18 October 2023,2023-09,6.9,D7NN,https://www.ons.gov.uk/economy/inflationandpriceindices/timeseries/d7nn/mm23/previous/v96
15 November 2023,2023-10,6.6,D7NN,https://www.ons.gov.uk/economy/inflationandpriceindices/timeseries/d7nn/mm23/previous/v97
20 December 2023,2023-11,6.3,D7NN,https://www.ons.gov.uk/economy/inflationandpriceindices/timeseries/d7nn/mm23/previous/v98
17 January 2024,2023-12,6.4,D7NN,https://www.ons.gov.uk/economy/inflationandpriceindices/timeseries/d7nn/mm23/previous/v99
14 February 2024,2024-01,6.5,D7NN,https://www.ons.gov.uk/economy/inflationandpriceindices/timeseries/d7nn/mm23/previous/v100
20 March 2024,2024-02,6.1,D7NN,https://www.ons.gov.uk/economy/inflationandpriceindices/timeseries/d7nn/mm23/previous/v101
17 April 2024,2024-03,6.0,D7NN,https://www.ons.gov.uk/economy/inflationandpriceindices/timeseries/d7nn/mm23/previous/v102
22 May 2024,2024-04,5.9,D7NN,https://www.ons.gov.uk/economy/inflationandpriceindices/timeseries/d7nn/mm23/previous/v103
19 June 2024,2024-05,5.7,D7NN,https://www.ons.gov.uk/economy/inflationandpriceindices/timeseries/d7nn/mm23/previous/v104
17 July 2024,2024-06,5.7,D7NN,https://www.ons.gov.uk/economy/inflationandpriceindices/timeseries/d7nn/mm23/previous/v105
14 August 2024,2024-07,5.2,D7NN,https://www.ons.gov.uk/economy/inflationandpriceindices/timeseries/d7nn/mm23/previous/v106
18 September 2024,2024-08,5.6,D7NN,https://www.ons.gov.uk/economy/inflationandpriceindices/timeseries/d7nn/mm23/previous/v107
16 October 2024,2024-09,4.9,D7NN,https://www.ons.gov.uk/economy/inflationandpriceindices/timeseries/d7nn/mm23/previous/v108
20 November 2024,2024-10,5.0,D7NN,https://www.ons.gov.uk/economy/inflationandpriceindices/timeseries/d7nn/mm23/previous/v109
18 December 2024,2024-11,5.0,D7NN,https://www.ons.gov.uk/economy/inflationandpriceindices/timeseries/d7nn/mm23/previous/v110
15 January 2025,2024-12,4.4,D7NN,https://www.ons.gov.uk/economy/inflationandpriceindices/timeseries/d7nn/mm23/previous/v111
19 February 2025,2025-01,5.0,D7NN,https://www.ons.gov.uk/economy/inflationandpriceindices/timeseries/d7nn/mm23/previous/v112
26 March 2025,2025-02,5.0,D7NN,https://www.ons.gov.uk/economy/inflationandpriceindices/timeseries/d7nn/mm23/previous/v113
16 April 2025,2025-03,4.7,D7NN,https://www.ons.gov.uk/economy/inflationandpriceindices/timeseries/d7nn/mm23/previous/v114
21 May 2025,2025-04,5.4,D7NN,https://www.ons.gov.uk/economy/inflationandpriceindices/timeseries/d7nn/mm23/previous/v115
18 June 2025,2025-05,4.7,D7NN,https://www.ons.gov.uk/economy/inflationandpriceindices/timeseries/d7nn/mm23/previous/v116
16 July 2025,2025-06,4.7,D7NN,https://www.ons.gov.uk/economy/inflationandpriceindices/timeseries/d7nn/mm23/previous/v117
20 August 2025,2025-07,5.0,D7NN,https://www.ons.gov.uk/economy/inflationandpriceindices/timeseries/d7nn/mm23/previous/v118
17 September 2025,2025-08,4.7,D7NN,https://www.ons.gov.uk/economy/inflationandpriceindices/timeseries/d7nn/mm23/previous/v119
22 October 2025,2025-09,4.7,D7NN,https://www.ons.gov.uk/economy/inflationandpriceindices/timeseries/d7nn/mm23/previous/v120
19 November 2025,2025-10,4.5,D7NN,https://www.ons.gov.uk/economy/inflationandpriceindices/timeseries/d7nn/mm23/previous/v121
17 December 2025,2025-11,4.4,D7NN,https://www.ons.gov.uk/economy/inflationandpriceindices/timeseries/d7nn/mm23/previous/v122
21 January 2026,2025-12,4.5,D7NN,https://www.ons.gov.uk/economy/inflationandpriceindices/timeseries/d7nn/mm23/previous/v123
18 February 2026,2026-01,4.4,D7NN,https://www.ons.gov.uk/economy/inflationandpriceindices/timeseries/d7nn/mm23/previous/v124
25 March 2026,2026-02,4.3,D7NN,https://www.ons.gov.uk/economy/inflationandpriceindices/timeseries/d7nn/mm23/previous/v125
22 April 2026,2026-03,4.5,D7NN,https://www.ons.gov.uk/economy/inflationandpriceindices/timeseries/d7nn/mm23/previous/v126
20 May 2026,2026-04,3.2,D7NN,https://www.ons.gov.uk/economy/inflationandpriceindices/timeseries/d7nn/mm23/previous/v127
17 June 2026,2026-05,3.7,D7NN,https://www.ons.gov.uk/economy/inflationandpriceindices/timeseries/d7nn/mm23/previous/v128
22 July 2026,2026-06,3.6,D7NN,https://www.ons.gov.uk/economy/inflationandpriceindices/timeseries/d7nn/mm23/previous/v129
19 August 2026,2026-07,3.4,D7NN,https://www.ons.gov.uk/economy/inflationandpriceindices/timeseries/d7nn/mm23/previous/v130
