reference_month,release_date,pit_status,document_url,document_sha256,scheduled_cash_earnings_yoy_pct,source_agency,source_document_type,release_date_source
2018-01,2018-03-09,GREEN_FIRST_RELEASE,https://www.mhlw.go.jp/toukei/itiran/roudou/monthly/30/3001p/dl/houdou3001p.pdf,95c4835ba499054eee331b2a3edfa9abd62fffc71f0535b0683caf07fd16c400,0.3,MHLW,Monthly Labour Survey preliminary press release,MHLW month-specific preliminary page
2018-02,2018-04-06,GREEN_FIRST_RELEASE,https://www.mhlw.go.jp/toukei/itiran/roudou/monthly/30/3002p/dl/houdou3002p.pdf,50af548650ea588b84522e462735d1ff295eaaebb86c676ac0d55edab0a56b65,0.9,MHLW,Monthly Labour Survey preliminary press release,MHLW month-specific preliminary page
2018-03,2018-05-09,GREEN_FIRST_RELEASE,https://www.mhlw.go.jp/toukei/itiran/roudou/monthly/30/3003p/dl/houdou3003p.pdf,067839bda721930380f30ef306ae6d71d17612afd2b1aa462c6adbbae4484462,1.3,MHLW,Monthly Labour Survey preliminary press release,MHLW month-specific preliminary page
2018-04,2018-06-06,GREEN_FIRST_RELEASE,https://www.mhlw.go.jp/toukei/itiran/roudou/monthly/30/3004p/dl/houdou3004p.pdf,e77641a69f9ee78b3115ec42107a23ffa2420cb26a187a3fba7308b3840a337d,1.2,MHLW,Monthly Labour Survey preliminary press release,MHLW month-specific preliminary page
2018-05,2018-07-06,GREEN_FIRST_RELEASE,https://www.mhlw.go.jp/toukei/itiran/roudou/monthly/30/3005p/dl/houdou3005p.pdf,1d50e5876b6aa40a443834d98aad08a82e19a12f78f31cd78669b3c851d2368a,1.5,MHLW,Monthly Labour Survey preliminary press release,MHLW month-specific preliminary page
2018-06,2018-08-07,GREEN_FIRST_RELEASE,https://www.mhlw.go.jp/toukei/itiran/roudou/monthly/30/3006p/dl/houdou3006p.pdf,08e79be7a2b16caebe46102f3c3bde3d7e472cc3b59ace4196e53d5ba57a8eca,1.5,MHLW,Monthly Labour Survey preliminary press release,MHLW month-specific preliminary page
2018-07,2018-09-07,GREEN_FIRST_RELEASE,https://www.mhlw.go.jp/toukei/itiran/roudou/monthly/30/3007p/dl/houdou3007p.pdf,dff4f3e20da5965f6774b96e20d518950fc7766573da15f6752bf96cc4addcf5,1.1,MHLW,Monthly Labour Survey preliminary press release,MHLW month-specific preliminary page
2018-08,2018-10-05,GREEN_FIRST_RELEASE,https://www.mhlw.go.jp/toukei/itiran/roudou/monthly/30/3008p/dl/houdou3008p.pdf,9ceddffaebf925a8208050b82748a5fcd4ce22f9c4601032064da7d4105b48df,0.7,MHLW,Monthly Labour Survey preliminary press release,MHLW month-specific preliminary page
2018-09,2018-11-07,GREEN_FIRST_RELEASE,https://www.mhlw.go.jp/toukei/itiran/roudou/monthly/30/3009p/dl/houdou3009p.pdf,165354a0c4b29890d390799fbb5517bfa00c41e9ec85915a14a780bd7b0965d1,0.6,MHLW,Monthly Labour Survey preliminary press release,MHLW month-specific preliminary page
2018-10,2018-12-07,GREEN_FIRST_RELEASE,https://www.mhlw.go.jp/toukei/itiran/roudou/monthly/30/3010p/dl/houdou3010p.pdf,d1b673cb577f6a1d45121341f3b2d95ed40248ff65039433b11221df9c841999,0.9,MHLW,Monthly Labour Survey preliminary press release,MHLW month-specific preliminary page
2018-11,2019-01-09,GREEN_FIRST_RELEASE,https://www.mhlw.go.jp/toukei/itiran/roudou/monthly/30/3011p/dl/houdou3011p.pdf,cb8bd3677c3c8232f090d8eaa7051360d9235b68e307645146d2a70dd04c345e,1.3,MHLW,Monthly Labour Survey preliminary press release,MHLW month-specific preliminary page
2018-12,2019-02-08,GREEN_FIRST_RELEASE,https://www.mhlw.go.jp/toukei/itiran/roudou/monthly/30/3012p/dl/houdou3012p.pdf,f6c3a92160ffe07444d7e59946b93adaa86a763afa1d3609d2ed81341c7dedb0,0.5,MHLW,Monthly Labour Survey preliminary press release,MHLW month-specific preliminary page
2019-01,2019-03-08,GREEN_FIRST_RELEASE,https://www.mhlw.go.jp/toukei/itiran/roudou/monthly/31/3101p/dl/houdou3101p.pdf,5307a10b8363e42a3790faf27cbea304b7d71c73b12b98510c8814f151319dd5,0.5,MHLW,Monthly Labour Survey preliminary press release,MHLW month-specific preliminary page
2019-02,2019-04-05,GREEN_FIRST_RELEASE,https://www.mhlw.go.jp/toukei/itiran/roudou/monthly/31/3102p/dl/houdou3102p.pdf,469fc59aa4ec8affeb217875d4e16fba186f8affd383d04adf39f4887435be86,0.9,MHLW,Monthly Labour Survey preliminary press release,MHLW month-specific preliminary page
2019-03,2019-05-10,GREEN_FIRST_RELEASE,https://www.mhlw.go.jp/toukei/itiran/roudou/monthly/31/3103p/dl/houdou3103p.pdf,e07f16d9ccc4500ca06975df56005ee4ed339f5c8294f70fa0a09d6a962a302c,0.3,MHLW,Monthly Labour Survey preliminary press release,MHLW prior-month official future-publication schedule
2019-04,2019-06-07,GREEN_FIRST_RELEASE,https://www.mhlw.go.jp/toukei/itiran/roudou/monthly/31/3104p/dl/houdou3104p.pdf,cbf8282ea8c520718b6efc70d233ae060e816bcbe5bb9facc775c041e7be246b,0.5,MHLW,Monthly Labour Survey preliminary press release,MHLW prior-month official future-publication schedule
2019-05,2019-07-09,GREEN_FIRST_RELEASE,https://www.mhlw.go.jp/toukei/itiran/roudou/monthly/r01/0105p/dl/houdou0105p.pdf,14422a4a7e25b270350454380a0830840f198670f01c67a264fc02670551edf8,0.6,MHLW,Monthly Labour Survey preliminary press release,MHLW prior-month official future-publication schedule
2019-06,2019-08-06,GREEN_FIRST_RELEASE,https://www.mhlw.go.jp/toukei/itiran/roudou/monthly/r01/0106p/dl/houdou0106p.pdf,3cf6ef8ecb442499964afa7aba64002eaf2d5186e33976a16d17b02da2bc51f7,0.4,MHLW,Monthly Labour Survey preliminary press release,MHLW prior-month official future-publication schedule
2019-07,2019-09-06,GREEN_FIRST_RELEASE,https://www.mhlw.go.jp/toukei/itiran/roudou/monthly/r01/0107p/dl/houdou0107p.pdf,07fde1e5cd430a9ed2c48be5f298272dfb913c72bef2727ee1186d15b1e0b9f0,0.6,MHLW,Monthly Labour Survey preliminary press release,MHLW prior-month official future-publication schedule
2019-08,2019-10-08,GREEN_FIRST_RELEASE,https://www.mhlw.go.jp/toukei/itiran/roudou/monthly/r01/0108p/dl/houdou0108p.pdf,54badbb34dae7bccde43ae8bb36dff8b0a5dc23b031c460407e1865f4915a2fe,0.3,MHLW,Monthly Labour Survey preliminary press release,MHLW prior-month official future-publication schedule
2019-09,2019-11-08,GREEN_FIRST_RELEASE,https://www.mhlw.go.jp/toukei/itiran/roudou/monthly/r01/0109p/dl/houdou0109p.pdf,cafe5030e72d699fb04bd8c18fd3983df3ed85fd4beaf1ee282c92cbe32bffb9,0.5,MHLW,Monthly Labour Survey preliminary press release,MHLW prior-month official future-publication schedule
2019-10,2019-12-06,GREEN_FIRST_RELEASE,https://www.mhlw.go.jp/toukei/itiran/roudou/monthly/r01/0110p/dl/houdou0110p.pdf,339045067744881ef6169a441fa04504edd59e09e851170df4712b550ca703eb,0.6,MHLW,Monthly Labour Survey preliminary press release,MHLW prior-month official future-publication schedule
2019-11,2020-01-08,GREEN_FIRST_RELEASE,https://www.mhlw.go.jp/toukei/itiran/roudou/monthly/r01/0111p/dl/houdou0111p.pdf,83347b99bbc44b0001ea567369fc0f0cdbba15eb8d18e25e509dc162bba2974f,0.1,MHLW,Monthly Labour Survey preliminary press release,MHLW month-specific preliminary page
2019-12,2020-02-07,GREEN_FIRST_RELEASE,https://www.mhlw.go.jp/toukei/itiran/roudou/monthly/r01/0112p/dl/houdou0112p.pdf,39eb2185eccf5c72e280b718cc17465ed8ffcc7d233dac904927aa85dfd64275,0.1,MHLW,Monthly Labour Survey preliminary press release,MHLW month-specific preliminary page
2020-01,2020-03-06,GREEN_FIRST_RELEASE,https://www.mhlw.go.jp/toukei/itiran/roudou/monthly/r02/0201p/dl/houdou2001p.pdf,fdbe3333ea91482a49a26998a256f3a520c7c08e53c163d34662983f7a86ebb3,1.2,MHLW,Monthly Labour Survey preliminary press release,MHLW month-specific preliminary page
2020-02,2020-04-07,GREEN_FIRST_RELEASE,https://www.mhlw.go.jp/toukei/itiran/roudou/monthly/r02/0202p/dl/houdou2002p.pdf,3595e210511a6c587f7bbbf0604dac4941d08fdbec6826c09bbe3fe4a378a010,0.7,MHLW,Monthly Labour Survey preliminary press release,MHLW month-specific preliminary page
2020-03,2020-05-08,GREEN_FIRST_RELEASE,https://www.mhlw.go.jp/toukei/itiran/roudou/monthly/r02/0203p/dl/houdou2003p.pdf,a88df64cbc50113150a149391bbc9503966243679d2d6c99b5e4981007b5fa7f,0.3,MHLW,Monthly Labour Survey preliminary press release,MHLW month-specific preliminary page
2020-04,2020-06-09,GREEN_FIRST_RELEASE,https://www.mhlw.go.jp/toukei/itiran/roudou/monthly/r02/0204p/dl/houdou2004p.pdf,105dbbdcaf7ac455596b3f0252b76abe277bfbc3e0770020c85ec39a566a06b5,-0.9,MHLW,Monthly Labour Survey preliminary press release,MHLW month-specific preliminary page
2020-05,2020-07-07,GREEN_FIRST_RELEASE,https://www.mhlw.go.jp/toukei/itiran/roudou/monthly/r02/0205p/dl/houdou2005p.pdf,f4d4cb17a9370b3c35cead4aef26b99bd6883e58372499309d02790f96f63ca0,-1.7,MHLW,Monthly Labour Survey preliminary press release,MHLW month-specific preliminary page
2020-06,2020-08-07,GREEN_FIRST_RELEASE,https://www.mhlw.go.jp/toukei/itiran/roudou/monthly/r02/0206p/dl/houdou2006p.pdf,8a779ff03d762e758a2e13e5a314a1fede353d501ac410691f56fd6540b71562,-1.3,MHLW,Monthly Labour Survey preliminary press release,MHLW month-specific preliminary page
2020-07,2020-09-08,GREEN_FIRST_RELEASE,https://www.mhlw.go.jp/toukei/itiran/roudou/monthly/r02/0207p/dl/houdou2007p.pdf,902b60d5fc48bf7b984f788970d8baaaf97dfa6906532a43e29433f3ef4c1e03,-0.9,MHLW,Monthly Labour Survey preliminary press release,MHLW month-specific preliminary page
2020-08,2020-10-09,GREEN_FIRST_RELEASE,https://www.mhlw.go.jp/toukei/itiran/roudou/monthly/r02/0208p/dl/houdou2008p.pdf,b9a0e9924f37bdfaa6b08ef2f0fc3fdb97b94bece15181200340794557f262da,-1.2,MHLW,Monthly Labour Survey preliminary press release,MHLW month-specific preliminary page
2020-09,2020-11-06,GREEN_FIRST_RELEASE,https://www.mhlw.go.jp/toukei/itiran/roudou/monthly/r02/0209p/dl/houdou2009p.pdf,a18ab00940ef15a97baae310b09984dd8bdcfe292026cd19556b663194f10bac,-0.7,MHLW,Monthly Labour Survey preliminary press release,MHLW month-specific preliminary page
2020-10,2020-12-08,GREEN_FIRST_RELEASE,https://www.mhlw.go.jp/toukei/itiran/roudou/monthly/r02/0210p/dl/houdou2010p.pdf,4a2a09f6b6412029e527006f8cf8cc251438ee1f58816fee20787afb4dcf578b,-0.7,MHLW,Monthly Labour Survey preliminary press release,MHLW month-specific preliminary page
2020-11,2021-01-07,GREEN_FIRST_RELEASE,https://www.mhlw.go.jp/toukei/itiran/roudou/monthly/r02/0211p/dl/houdou2011p.pdf,ed11156f9fd951b4d3f5c8ae8086758e522391bdc66448ded3b8dc28a6f4a0ac,-0.7,MHLW,Monthly Labour Survey preliminary press release,MHLW month-specific preliminary page
2020-12,2021-02-09,GREEN_FIRST_RELEASE,https://www.mhlw.go.jp/toukei/itiran/roudou/monthly/r02/0212p/dl/houdou2012p.pdf,decab1bb4327b40821242811fefa7ddadcfb48338adcee12c1b8065174fab977,-0.8,MHLW,Monthly Labour Survey preliminary press release,MHLW month-specific preliminary page
2021-01,2021-03-09,GREEN_FIRST_RELEASE,https://www.mhlw.go.jp/toukei/itiran/roudou/monthly/r03/0301p/dl/houdou2101p.pdf,3642f7cf800036cbfd8d0974a8f01c2f30f40cd8bcaf0a0fa769410df5dbdf6b,-0.2,MHLW,Monthly Labour Survey preliminary press release,MHLW month-specific preliminary page
2021-02,2021-04-06,GREEN_FIRST_RELEASE,https://www.mhlw.go.jp/toukei/itiran/roudou/monthly/r03/2102p/dl/houdou2102p.pdf,7922d0b08d0724c481d6e2a87b0a01ac112ca224dcb60d4be096a8e442f524d7,-0.3,MHLW,Monthly Labour Survey preliminary press release,MHLW month-specific preliminary page
2021-03,2021-05-07,GREEN_FIRST_RELEASE,https://www.mhlw.go.jp/toukei/itiran/roudou/monthly/r03/2103p/dl/houdou2103p.pdf,a836732c0d667512805941521f6532cb2b6c4fe3342883de97cd6c12a6738a15,0.2,MHLW,Monthly Labour Survey preliminary press release,MHLW month-specific preliminary page
2021-04,2021-06-08,GREEN_FIRST_RELEASE,https://www.mhlw.go.jp/toukei/itiran/roudou/monthly/r03/2104p/dl/houdou2104p.pdf,6f7abe4ad640f5e1c66cacb81bcf5c81ae4c92d9aba0def593ed09448aa88006,1.4,MHLW,Monthly Labour Survey preliminary press release,MHLW month-specific preliminary page
2021-05,2021-07-06,GREEN_FIRST_RELEASE,https://www.mhlw.go.jp/toukei/itiran/roudou/monthly/r03/2105p/dl/houdou2105p.pdf,1912507bd0411a2836e4243617f288b7187200daeb068275df0bd6db8159f0de,1.9,MHLW,Monthly Labour Survey preliminary press release,MHLW month-specific preliminary page
2021-06,2021-08-06,GREEN_FIRST_RELEASE,https://www.mhlw.go.jp/toukei/itiran/roudou/monthly/r03/2106p/dl/houdou2106p.pdf,1b403edc49436ac075a8586770325990d51bb1a653a827ea779931af85371e68,1.3,MHLW,Monthly Labour Survey preliminary press release,MHLW month-specific preliminary page
2021-07,2021-09-07,GREEN_FIRST_RELEASE,https://www.mhlw.go.jp/toukei/itiran/roudou/monthly/r03/2107p/dl/houdou2107p.pdf,b303cf5e1d528fd18470d4747588b77dc0b2f967be001daca8d12f94a6a322d5,1.2,MHLW,Monthly Labour Survey preliminary press release,MHLW month-specific preliminary page
2021-08,2021-10-08,GREEN_FIRST_RELEASE,https://www.mhlw.go.jp/toukei/itiran/roudou/monthly/r03/2108p/dl/houdou2108p.pdf,c23c1609f34f1de43798700a6374ff0941f47dea8ed2c94bfa12ccb3e05fe4f4,0.6,MHLW,Monthly Labour Survey preliminary press release,MHLW month-specific preliminary page
2021-09,2021-11-09,GREEN_FIRST_RELEASE,https://www.mhlw.go.jp/toukei/itiran/roudou/monthly/r03/2109p/dl/houdou2109p.pdf,4aca5fb4dd4c9cc30f8919ea956de558ab616bac7d0c69a017bff620dcb3926f,0.3,MHLW,Monthly Labour Survey preliminary press release,MHLW month-specific preliminary page
2021-10,2021-12-07,GREEN_FIRST_RELEASE,https://www.mhlw.go.jp/toukei/itiran/roudou/monthly/r03/2110p/dl/houdou2110p.pdf,22875b11441651ab9a95de242dc493bea1662f1971573c0a142595862a878ddb,-0.1,MHLW,Monthly Labour Survey preliminary press release,MHLW month-specific preliminary page
2021-11,2022-01-07,GREEN_FIRST_RELEASE,https://www.mhlw.go.jp/toukei/itiran/roudou/monthly/r03/2111p/dl/houdou2111p.pdf,c62e08a1b534bd30caf62ea21fcc7b041cba0e42ddfa5156e30d3bb1ace0b17a,0.5,MHLW,Monthly Labour Survey preliminary press release,MHLW month-specific preliminary page
2021-12,2022-02-08,GREEN_FIRST_RELEASE,https://www.mhlw.go.jp/toukei/itiran/roudou/monthly/r03/2112p/dl/houdou2112p.pdf,dc8b5ed63417c10d6bc257b4c94bab347f9735df9c2e07a68f11c10d7fc14d3c,0.5,MHLW,Monthly Labour Survey preliminary press release,MHLW month-specific preliminary page
2022-01,2022-03-08,GREEN_FIRST_RELEASE,https://www.mhlw.go.jp/toukei/itiran/roudou/monthly/r04/2201p/dl/houdou2201p.pdf,c2647b55fdb8a82b3ba6550758cd073639660aa92cfb032a24086eca1a57ebc7,0.6,MHLW,Monthly Labour Survey preliminary press release,MHLW month-specific preliminary page
2022-02,2022-04-05,GREEN_FIRST_RELEASE,https://www.mhlw.go.jp/toukei/itiran/roudou/monthly/r04/2202p/dl/houdou2202p.pdf,1df1681cbc25035af92204ce94bbd4b0e41fda087ce2d89d11d9c496f0f82960,1.2,MHLW,Monthly Labour Survey preliminary press release,MHLW month-specific preliminary page
2022-03,2022-05-09,GREEN_FIRST_RELEASE,https://www.mhlw.go.jp/toukei/itiran/roudou/monthly/r04/2203p/dl/houdou2203p.pdf,293000f4c2c3d461a276a67f5e198051fb7ef0bab2c8dab9818a411a9e751b6c,0.6,MHLW,Monthly Labour Survey preliminary press release,MHLW month-specific preliminary page
2022-04,2022-06-07,GREEN_FIRST_RELEASE,https://www.mhlw.go.jp/toukei/itiran/roudou/monthly/r04/2204p/dl/houdou2204p.pdf,38fb04012d46df360b4b5c52b4449432f6dc65dcb107a8a68f525e5700226d0e,1.5,MHLW,Monthly Labour Survey preliminary press release,MHLW month-specific preliminary page
2022-05,2022-07-05,GREEN_FIRST_RELEASE,https://www.mhlw.go.jp/toukei/itiran/roudou/monthly/r04/2205p/dl/houdou2205p.pdf,8295de08959ba52c58c4ad44b99d6b811ee88895fe086ccb029173551a724383,1.5,MHLW,Monthly Labour Survey preliminary press release,MHLW month-specific preliminary page
2022-06,2022-08-05,GREEN_FIRST_RELEASE,https://www.mhlw.go.jp/toukei/itiran/roudou/monthly/r04/2206p/dl/houdou2206p.pdf,6a76036e80ed986baac5073c2c0ed8df6f2a01ed208014178fd6eb189ed7c712,1.7,MHLW,Monthly Labour Survey preliminary press release,MHLW month-specific preliminary page
2022-07,2022-09-06,GREEN_FIRST_RELEASE,https://www.mhlw.go.jp/toukei/itiran/roudou/monthly/r04/2207p/dl/houdou2207p.pdf,1eb50223d27e758aba3ae2c09da7778e49f13aabbda936888acd92bc4102c58c,1.5,MHLW,Monthly Labour Survey preliminary press release,MHLW month-specific preliminary page
2022-08,2022-10-07,GREEN_FIRST_RELEASE,https://www.mhlw.go.jp/toukei/itiran/roudou/monthly/r04/2208p/dl/houdou2208p.pdf,f5ed373dfd5e923b095401078b3fd2d5d77e7e0891bfb6e169b786749bdbb71a,1.8,MHLW,Monthly Labour Survey preliminary press release,MHLW month-specific preliminary page
2022-09,2022-11-08,GREEN_FIRST_RELEASE,https://www.mhlw.go.jp/toukei/itiran/roudou/monthly/r04/2209p/dl/houdou2209p.pdf,a2d6afcd42f8d36a81d989100046782545f896142f39961aa5b63ba5288426d0,1.7,MHLW,Monthly Labour Survey preliminary press release,MHLW month-specific preliminary page
2022-10,2022-12-06,GREEN_FIRST_RELEASE,https://www.mhlw.go.jp/toukei/itiran/roudou/monthly/r04/2210p/dl/houdou2210p.pdf,ad9fde6073c6ee320a9c9622d8f37768e8fefffaf8a899c816c1bcdec83f56a5,1.8,MHLW,Monthly Labour Survey preliminary press release,MHLW month-specific preliminary page
2022-11,2023-01-06,GREEN_FIRST_RELEASE,https://www.mhlw.go.jp/toukei/itiran/roudou/monthly/r04/2211p/dl/houdou2211p.pdf,24432c18750af73415c3c7623ad55990688907bef6409480ae83929412011430,1.8,MHLW,Monthly Labour Survey preliminary press release,MHLW month-specific preliminary page
2022-12,2023-02-07,GREEN_FIRST_RELEASE,https://www.mhlw.go.jp/toukei/itiran/roudou/monthly/r04/2212p/dl/houdou2212p.pdf,3c26add6e7e8acba123e366fe085cc629a2fc5544a79bed52f85cf2ffbfef682,1.9,MHLW,Monthly Labour Survey preliminary press release,MHLW month-specific preliminary page
2023-01,2023-03-07,GREEN_FIRST_RELEASE,https://www.mhlw.go.jp/toukei/itiran/roudou/monthly/r05/2301p/dl/houdou2301p.pdf,905f9eca846417bc52b2a21679435a86cb5f05f378ca05870812a99f0c897b73,0.8,MHLW,Monthly Labour Survey preliminary press release,MHLW month-specific preliminary page
2023-02,2023-04-07,GREEN_FIRST_RELEASE,https://www.mhlw.go.jp/toukei/itiran/roudou/monthly/r05/2302p/dl/houdou2302p.pdf,288c4a1218cd39883ccefc132d1a64ebfded66fad80e5067c3d84fde945190bb,1.2,MHLW,Monthly Labour Survey preliminary press release,MHLW month-specific preliminary page
2023-03,2023-05-09,GREEN_FIRST_RELEASE,https://www.mhlw.go.jp/toukei/itiran/roudou/monthly/r05/2303p/dl/houdou2303p.pdf,1610c415bbab24d255e76770128af83d72d644c571eeab41e6a0ada565dd93c6,0.5,MHLW,Monthly Labour Survey preliminary press release,MHLW month-specific preliminary page
2023-04,2023-06-06,GREEN_FIRST_RELEASE,https://www.mhlw.go.jp/toukei/itiran/roudou/monthly/r05/2304p/dl/houdou2304p.pdf,1fc912f5310717ac7a853b2f1879fb936959c0faa13663bef240e7157d79828e,1.1,MHLW,Monthly Labour Survey preliminary press release,MHLW month-specific preliminary page
2023-05,2023-07-07,GREEN_FIRST_RELEASE,https://www.mhlw.go.jp/toukei/itiran/roudou/monthly/r05/2305p/dl/houdou2305p.pdf,5affaf39147cc7c51977d156d4e17adf4ea21fd62880b0e7aac67fab77828bd1,1.7,MHLW,Monthly Labour Survey preliminary press release,MHLW month-specific preliminary page
2023-06,2023-08-08,GREEN_FIRST_RELEASE,https://www.mhlw.go.jp/toukei/itiran/roudou/monthly/r05/2306p/dl/houdou2306p.pdf,67da7cc28f8a50c1c83ab35fb535596be4d19b03fd1c3172fcccf8b62cb0752e,1.5,MHLW,Monthly Labour Survey preliminary press release,MHLW month-specific preliminary page
2023-07,2023-09-08,GREEN_FIRST_RELEASE,https://www.mhlw.go.jp/toukei/itiran/roudou/monthly/r05/2307p/dl/houdou2307p.pdf,abfc4d798829f8c07d8246cb4149fdcb009a97796cb5b684703977c43912ad0e,1.5,MHLW,Monthly Labour Survey preliminary press release,MHLW month-specific preliminary page
