reference_quarter,release_date,release_time_jst,availability_timestamp_jst,real_gdp_sa_qoq_pct,source_row_label,source_page,source_csv,pit_status
2018-Q1,2018-05-16,08:50,2018-05-16T08:50:00+09:00,-0.2,2018/ 1- 3.,https://www.esri.cao.go.jp/en/sna/data/sokuhou/files/2018/qe181/gdemenuea.html,https://www.esri.cao.go.jp/jp/sna/data/data_list/sokuhou/files/2018/qe181/tables/ritu-jk1811.csv,READY_FIRST_PRELIMINARY
2018-Q2,2018-08-10,08:50,2018-08-10T08:50:00+09:00,0.5,4- 6.,https://www.esri.cao.go.jp/en/sna/data/sokuhou/files/2018/qe182/gdemenuea.html,https://www.esri.cao.go.jp/jp/sna/data/data_list/sokuhou/files/2018/qe182/tables/ritu-jk1821.csv,READY_FIRST_PRELIMINARY
2018-Q3,2018-11-14,08:50,2018-11-14T08:50:00+09:00,-0.3,7- 9.,https://www.esri.cao.go.jp/en/sna/data/sokuhou/files/2018/qe183/gdemenuea.html,https://www.esri.cao.go.jp/jp/sna/data/data_list/sokuhou/files/2018/qe183/tables/ritu-jk1831.csv,READY_FIRST_PRELIMINARY
2018-Q4,2019-02-14,08:50,2019-02-14T08:50:00+09:00,0.3,10-12.,https://www.esri.cao.go.jp/en/sna/data/sokuhou/files/2018/qe184/gdemenuea.html,https://www.esri.cao.go.jp/jp/sna/data/data_list/sokuhou/files/2018/qe184/tables/ritu-jk1841.csv,READY_FIRST_PRELIMINARY
2019-Q1,2019-05-20,08:50,2019-05-20T08:50:00+09:00,0.5,2019/ 1- 3.,https://www.esri.cao.go.jp/en/sna/data/sokuhou/files/2019/qe191/gdemenuea.html,https://www.esri.cao.go.jp/jp/sna/data/data_list/sokuhou/files/2019/qe191/tables/ritu-jk1911.csv,READY_FIRST_PRELIMINARY
2019-Q2,2019-08-09,08:50,2019-08-09T08:50:00+09:00,0.4,4- 6.,https://www.esri.cao.go.jp/en/sna/data/sokuhou/files/2019/qe192/gdemenuea.html,https://www.esri.cao.go.jp/jp/sna/data/data_list/sokuhou/files/2019/qe192/tables/ritu-jk1921.csv,READY_FIRST_PRELIMINARY
2019-Q3,2019-11-14,08:50,2019-11-14T08:50:00+09:00,0.1,7- 9.,https://www.esri.cao.go.jp/en/sna/data/sokuhou/files/2019/qe193/gdemenuea.html,https://www.esri.cao.go.jp/jp/sna/data/data_list/sokuhou/files/2019/qe193/tables/ritu-jk1931.csv,READY_FIRST_PRELIMINARY
2019-Q4,2020-02-17,08:50,2020-02-17T08:50:00+09:00,-1.6,10-12.,https://www.esri.cao.go.jp/en/sna/data/sokuhou/files/2019/qe194/gdemenuea.html,https://www.esri.cao.go.jp/jp/sna/data/data_list/sokuhou/files/2019/qe194/tables/ritu-jk1941.csv,READY_FIRST_PRELIMINARY
2020-Q1,2020-05-18,08:50,2020-05-18T08:50:00+09:00,-0.9,2020/ 1- 3.,https://www.esri.cao.go.jp/en/sna/data/sokuhou/files/2020/qe201/gdemenuea.html,https://www.esri.cao.go.jp/jp/sna/data/data_list/sokuhou/files/2020/qe201/tables/ritu-jk2011.csv,READY_FIRST_PRELIMINARY
2020-Q2,2020-08-17,08:50,2020-08-17T08:50:00+09:00,-7.8,4- 6.,https://www.esri.cao.go.jp/en/sna/data/sokuhou/files/2020/qe202/gdemenuea.html,https://www.esri.cao.go.jp/jp/sna/data/data_list/sokuhou/files/2020/qe202/tables/ritu-jk2021.csv,READY_FIRST_PRELIMINARY
2020-Q3,2020-11-16,08:50,2020-11-16T08:50:00+09:00,5.0,7- 9.,https://www.esri.cao.go.jp/en/sna/data/sokuhou/files/2020/qe203/gdemenuea.html,https://www.esri.cao.go.jp/jp/sna/data/data_list/sokuhou/files/2020/qe203/tables/ritu-jk2031.csv,READY_FIRST_PRELIMINARY
2020-Q4,2021-02-15,08:50,2021-02-15T08:50:00+09:00,3.0,10-12.,https://www.esri.cao.go.jp/en/sna/data/sokuhou/files/2020/qe204/gdemenuea.html,https://www.esri.cao.go.jp/jp/sna/data/data_list/sokuhou/files/2020/qe204/tables/ritu-jk2041.csv,READY_FIRST_PRELIMINARY
2021-Q1,2021-05-18,08:50,2021-05-18T08:50:00+09:00,-1.3,2021/ 1- 3.,https://www.esri.cao.go.jp/en/sna/data/sokuhou/files/2021/qe211/gdemenuea.html,https://www.esri.cao.go.jp/jp/sna/data/data_list/sokuhou/files/2021/qe211/tables/ritu-jk2111.csv,READY_FIRST_PRELIMINARY
2021-Q2,2021-08-16,08:50,2021-08-16T08:50:00+09:00,0.3,4- 6.,https://www.esri.cao.go.jp/en/sna/data/sokuhou/files/2021/qe212/gdemenuea.html,https://www.esri.cao.go.jp/jp/sna/data/data_list/sokuhou/files/2021/qe212/tables/ritu-jk2121.csv,READY_FIRST_PRELIMINARY
2021-Q3,2021-11-15,08:50,2021-11-15T08:50:00+09:00,-0.8,7- 9.,https://www.esri.cao.go.jp/en/sna/data/sokuhou/files/2021/qe213/gdemenuea.html,https://www.esri.cao.go.jp/jp/sna/data/data_list/sokuhou/files/2021/qe213/tables/ritu-jk2131.csv,READY_FIRST_PRELIMINARY
2021-Q4,2022-02-15,08:50,2022-02-15T08:50:00+09:00,1.3,10-12.,https://www.esri.cao.go.jp/en/sna/data/sokuhou/files/2021/qe214/gdemenuea.html,https://www.esri.cao.go.jp/jp/sna/data/data_list/sokuhou/files/2021/qe214/tables/ritu-jk2141.csv,READY_FIRST_PRELIMINARY
2022-Q1,2022-05-18,08:50,2022-05-18T08:50:00+09:00,-0.2,2022/ 1- 3.,https://www.esri.cao.go.jp/en/sna/data/sokuhou/files/2022/qe221/gdemenuea.html,https://www.esri.cao.go.jp/jp/sna/data/data_list/sokuhou/files/2022/qe221/tables/ritu-jk2211.csv,READY_FIRST_PRELIMINARY
2022-Q2,2022-08-15,08:50,2022-08-15T08:50:00+09:00,0.5,4- 6.,https://www.esri.cao.go.jp/en/sna/data/sokuhou/files/2022/qe222/gdemenuea.html,https://www.esri.cao.go.jp/jp/sna/data/data_list/sokuhou/files/2022/qe222/tables/ritu-jk2221.csv,READY_FIRST_PRELIMINARY
2022-Q3,2022-11-15,08:50,2022-11-15T08:50:00+09:00,-0.3,7- 9.,https://www.esri.cao.go.jp/en/sna/data/sokuhou/files/2022/qe223/gdemenuea.html,https://www.esri.cao.go.jp/jp/sna/data/data_list/sokuhou/files/2022/qe223/tables/ritu-jk2231.csv,READY_FIRST_PRELIMINARY
2022-Q4,2023-02-14,08:50,2023-02-14T08:50:00+09:00,0.2,10-12.,https://www.esri.cao.go.jp/en/sna/data/sokuhou/files/2022/qe224/gdemenuea.html,https://www.esri.cao.go.jp/jp/sna/data/data_list/sokuhou/files/2022/qe224/tables/ritu-jk2241.csv,READY_FIRST_PRELIMINARY
2023-Q1,2023-05-17,08:50,2023-05-17T08:50:00+09:00,0.4,2023/ 1- 3.,https://www.esri.cao.go.jp/en/sna/data/sokuhou/files/2023/qe231/gdemenuea.html,https://www.esri.cao.go.jp/jp/sna/data/data_list/sokuhou/files/2023/qe231/tables/ritu-jk2311.csv,READY_FIRST_PRELIMINARY
2023-Q2,2023-08-15,08:50,2023-08-15T08:50:00+09:00,1.5,4- 6.,https://www.esri.cao.go.jp/en/sna/data/sokuhou/files/2023/qe232/gdemenuea.html,https://www.esri.cao.go.jp/jp/sna/data/data_list/sokuhou/files/2023/qe232/tables/ritu-jk2321.csv,READY_FIRST_PRELIMINARY
