release_date,release_time_jst,release_timezone,availability_timestamp_jst,reference_month,unemployment_rate_sa_pct,employed_sa_10k,source_url,pit_status
2018-03-02,08:30,Asia/Tokyo,2018-03-02T08:30:00+09:00,2018-01,2.4,6595,https://www.stat.go.jp/data/roudou/rireki/tsuki/pdf/201801.pdf,READY_FIRST_RELEASE
2018-03-30,08:30,Asia/Tokyo,2018-03-30T08:30:00+09:00,2018-02,2.5,6646,https://www.stat.go.jp/data/roudou/rireki/tsuki/pdf/201802.pdf,READY_FIRST_RELEASE
2018-04-27,08:30,Asia/Tokyo,2018-04-27T08:30:00+09:00,2018-03,2.5,6694,https://www.stat.go.jp/data/roudou/rireki/tsuki/pdf/201803.pdf,READY_FIRST_RELEASE
2018-05-29,08:30,Asia/Tokyo,2018-05-29T08:30:00+09:00,2018-04,2.5,6693,https://www.stat.go.jp/data/roudou/rireki/tsuki/pdf/201804.pdf,READY_FIRST_RELEASE
2018-06-29,08:30,Asia/Tokyo,2018-06-29T08:30:00+09:00,2018-05,2.2,6673,https://www.stat.go.jp/data/roudou/rireki/tsuki/pdf/201805.pdf,READY_FIRST_RELEASE
2018-07-31,08:30,Asia/Tokyo,2018-07-31T08:30:00+09:00,2018-06,2.4,6632,https://www.stat.go.jp/data/roudou/rireki/tsuki/pdf/201806.pdf,READY_FIRST_RELEASE
2018-08-31,08:30,Asia/Tokyo,2018-08-31T08:30:00+09:00,2018-07,2.5,6636,https://www.stat.go.jp/data/roudou/rireki/tsuki/pdf/201807.pdf,READY_FIRST_RELEASE
2018-09-28,08:30,Asia/Tokyo,2018-09-28T08:30:00+09:00,2018-08,2.4,6662,https://www.stat.go.jp/data/roudou/rireki/tsuki/pdf/201808.pdf,READY_FIRST_RELEASE
2018-10-30,08:30,Asia/Tokyo,2018-10-30T08:30:00+09:00,2018-09,2.3,6665,https://www.stat.go.jp/data/roudou/rireki/tsuki/pdf/201809.pdf,READY_FIRST_RELEASE
2018-11-30,08:30,Asia/Tokyo,2018-11-30T08:30:00+09:00,2018-10,2.4,6688,https://www.stat.go.jp/data/roudou/rireki/tsuki/pdf/201810.pdf,READY_FIRST_RELEASE
2018-12-28,08:30,Asia/Tokyo,2018-12-28T08:30:00+09:00,2018-11,2.5,6713,https://www.stat.go.jp/data/roudou/rireki/tsuki/pdf/201811.pdf,READY_FIRST_RELEASE
2019-02-01,08:30,Asia/Tokyo,2019-02-01T08:30:00+09:00,2018-12,2.4,6668,https://www.stat.go.jp/data/roudou/rireki/tsuki/pdf/201812.pdf,READY_FIRST_RELEASE
2019-03-01,08:30,Asia/Tokyo,2019-03-01T08:30:00+09:00,2019-01,2.5,6665,https://www.stat.go.jp/data/roudou/rireki/tsuki/pdf/201901.pdf,READY_FIRST_RELEASE
2019-03-29,08:30,Asia/Tokyo,2019-03-29T08:30:00+09:00,2019-02,2.3,6714,https://www.stat.go.jp/data/roudou/rireki/tsuki/pdf/201902.pdf,READY_FIRST_RELEASE
2019-04-26,08:30,Asia/Tokyo,2019-04-26T08:30:00+09:00,2019-03,2.5,6732,https://www.stat.go.jp/data/roudou/rireki/tsuki/pdf/201903.pdf,READY_FIRST_RELEASE
2019-05-31,08:30,Asia/Tokyo,2019-05-31T08:30:00+09:00,2019-04,2.4,6702,https://www.stat.go.jp/data/roudou/rireki/tsuki/pdf/201904.pdf,READY_FIRST_RELEASE
2019-06-28,08:30,Asia/Tokyo,2019-06-28T08:30:00+09:00,2019-05,2.4,6694,https://www.stat.go.jp/data/roudou/rireki/tsuki/pdf/201905.pdf,READY_FIRST_RELEASE
2019-07-30,08:30,Asia/Tokyo,2019-07-30T08:30:00+09:00,2019-06,2.3,6701,https://www.stat.go.jp/data/roudou/rireki/tsuki/pdf/201906.pdf,READY_FIRST_RELEASE
2019-08-30,08:30,Asia/Tokyo,2019-08-30T08:30:00+09:00,2019-07,2.2,6716,https://www.stat.go.jp/data/roudou/rireki/tsuki/pdf/201907.pdf,READY_FIRST_RELEASE
2019-10-01,08:30,Asia/Tokyo,2019-10-01T08:30:00+09:00,2019-08,2.2,6735,https://www.stat.go.jp/data/roudou/rireki/tsuki/pdf/201908.pdf,READY_FIRST_RELEASE
2019-11-01,08:30,Asia/Tokyo,2019-11-01T08:30:00+09:00,2019-09,2.4,6730,https://www.stat.go.jp/data/roudou/rireki/tsuki/pdf/201909.pdf,READY_FIRST_RELEASE
2019-11-29,08:30,Asia/Tokyo,2019-11-29T08:30:00+09:00,2019-10,2.4,6758,https://www.stat.go.jp/data/roudou/rireki/tsuki/pdf/201910.pdf,READY_FIRST_RELEASE
2019-12-27,08:30,Asia/Tokyo,2019-12-27T08:30:00+09:00,2019-11,2.2,6769,https://www.stat.go.jp/data/roudou/rireki/tsuki/pdf/201911.pdf,READY_FIRST_RELEASE
2020-01-31,08:30,Asia/Tokyo,2020-01-31T08:30:00+09:00,2019-12,2.2,6782,https://www.stat.go.jp/data/roudou/rireki/tsuki/pdf/201912.pdf,READY_FIRST_RELEASE
2020-02-28,08:30,Asia/Tokyo,2020-02-28T08:30:00+09:00,2020-01,2.4,6740,https://www.stat.go.jp/data/roudou/rireki/tsuki/pdf/202001.pdf,READY_FIRST_RELEASE
2020-03-31,08:30,Asia/Tokyo,2020-03-31T08:30:00+09:00,2020-02,2.4,6743,https://www.stat.go.jp/data/roudou/rireki/tsuki/pdf/202002.pdf,READY_FIRST_RELEASE
2020-04-28,08:30,Asia/Tokyo,2020-04-28T08:30:00+09:00,2020-03,2.5,6732,https://www.stat.go.jp/data/roudou/rireki/tsuki/pdf/202003.pdf,READY_FIRST_RELEASE
2020-05-29,08:30,Asia/Tokyo,2020-05-29T08:30:00+09:00,2020-04,2.6,6625,https://www.stat.go.jp/data/roudou/rireki/tsuki/pdf/202004.pdf,READY_FIRST_RELEASE
2020-06-30,08:30,Asia/Tokyo,2020-06-30T08:30:00+09:00,2020-05,2.9,6629,https://www.stat.go.jp/data/roudou/rireki/tsuki/pdf/202005.pdf,READY_FIRST_RELEASE
2020-07-31,08:30,Asia/Tokyo,2020-07-31T08:30:00+09:00,2020-06,2.8,6637,https://www.stat.go.jp/data/roudou/rireki/tsuki/pdf/202006.pdf,READY_FIRST_RELEASE
2020-09-01,08:30,Asia/Tokyo,2020-09-01T08:30:00+09:00,2020-07,2.9,6648,https://www.stat.go.jp/data/roudou/rireki/tsuki/pdf/202007.pdf,READY_FIRST_RELEASE
2020-10-02,08:30,Asia/Tokyo,2020-10-02T08:30:00+09:00,2020-08,3.0,6659,https://www.stat.go.jp/data/roudou/rireki/tsuki/pdf/202008.pdf,READY_FIRST_RELEASE
2020-10-30,08:30,Asia/Tokyo,2020-10-30T08:30:00+09:00,2020-09,3.0,6655,https://www.stat.go.jp/data/roudou/rireki/tsuki/pdf/202009.pdf,READY_FIRST_RELEASE
2020-12-01,08:30,Asia/Tokyo,2020-12-01T08:30:00+09:00,2020-10,3.1,6658,https://www.stat.go.jp/data/roudou/rireki/tsuki/pdf/202010.pdf,READY_FIRST_RELEASE
2020-12-25,08:30,Asia/Tokyo,2020-12-25T08:30:00+09:00,2020-11,2.9,6701,https://www.stat.go.jp/data/roudou/rireki/tsuki/pdf/202011.pdf,READY_FIRST_RELEASE
2021-01-29,08:30,Asia/Tokyo,2021-01-29T08:30:00+09:00,2020-12,2.9,6695,https://www.stat.go.jp/data/roudou/rireki/tsuki/pdf/202012.pdf,READY_FIRST_RELEASE
2021-03-02,08:30,Asia/Tokyo,2021-03-02T08:30:00+09:00,2021-01,2.9,6694,https://www.stat.go.jp/data/roudou/rireki/tsuki/pdf/202101.pdf,READY_FIRST_RELEASE
2021-03-30,08:30,Asia/Tokyo,2021-03-30T08:30:00+09:00,2021-02,2.9,6697,https://www.stat.go.jp/data/roudou/rireki/tsuki/pdf/202102.pdf,READY_FIRST_RELEASE
2021-04-30,08:30,Asia/Tokyo,2021-04-30T08:30:00+09:00,2021-03,2.6,6684,https://www.stat.go.jp/data/roudou/rireki/tsuki/pdf/202103.pdf,READY_FIRST_RELEASE
2021-05-28,08:30,Asia/Tokyo,2021-05-28T08:30:00+09:00,2021-04,2.8,6658,https://www.stat.go.jp/data/roudou/rireki/tsuki/pdf/202104.pdf,READY_FIRST_RELEASE
2021-06-29,08:30,Asia/Tokyo,2021-06-29T08:30:00+09:00,2021-05,3.0,6645,https://www.stat.go.jp/data/roudou/rireki/tsuki/pdf/202105.pdf,READY_FIRST_RELEASE
2021-07-30,08:30,Asia/Tokyo,2021-07-30T08:30:00+09:00,2021-06,2.9,6666,https://www.stat.go.jp/data/roudou/rireki/tsuki/pdf/202106.pdf,READY_FIRST_RELEASE
2021-08-31,08:30,Asia/Tokyo,2021-08-31T08:30:00+09:00,2021-07,2.8,6708,https://www.stat.go.jp/data/roudou/rireki/tsuki/pdf/202107.pdf,READY_FIRST_RELEASE
2021-10-01,08:30,Asia/Tokyo,2021-10-01T08:30:00+09:00,2021-08,2.8,6676,https://www.stat.go.jp/data/roudou/rireki/tsuki/pdf/202108.pdf,READY_FIRST_RELEASE
2021-10-29,08:30,Asia/Tokyo,2021-10-29T08:30:00+09:00,2021-09,2.8,6648,https://www.stat.go.jp/data/roudou/rireki/tsuki/pdf/202109.pdf,READY_FIRST_RELEASE
2021-11-30,08:30,Asia/Tokyo,2021-11-30T08:30:00+09:00,2021-10,2.7,6624,https://www.stat.go.jp/data/roudou/rireki/tsuki/pdf/202110.pdf,READY_FIRST_RELEASE
2021-12-28,08:30,Asia/Tokyo,2021-12-28T08:30:00+09:00,2021-11,2.8,6624,https://www.stat.go.jp/data/roudou/rireki/tsuki/pdf/202111.pdf,READY_FIRST_RELEASE
2022-02-01,08:30,Asia/Tokyo,2022-02-01T08:30:00+09:00,2021-12,2.7,6673,https://www.stat.go.jp/data/roudou/rireki/tsuki/pdf/202112.pdf,READY_FIRST_RELEASE
2022-03-04,08:30,Asia/Tokyo,2022-03-04T08:30:00+09:00,2022-01,2.8,6693,https://www.stat.go.jp/data/roudou/rireki/tsuki/pdf/202201.pdf,READY_FIRST_RELEASE
2022-03-29,08:30,Asia/Tokyo,2022-03-29T08:30:00+09:00,2022-02,2.7,6693,https://www.stat.go.jp/data/roudou/rireki/tsuki/pdf/202202.pdf,READY_FIRST_RELEASE
2022-04-26,08:30,Asia/Tokyo,2022-04-26T08:30:00+09:00,2022-03,2.6,6711,https://www.stat.go.jp/data/roudou/rireki/tsuki/pdf/202203.pdf,READY_FIRST_RELEASE
2022-05-31,08:30,Asia/Tokyo,2022-05-31T08:30:00+09:00,2022-04,2.5,6738,https://www.stat.go.jp/data/roudou/rireki/tsuki/pdf/202204.pdf,READY_FIRST_RELEASE
2022-07-01,08:30,Asia/Tokyo,2022-07-01T08:30:00+09:00,2022-05,2.6,6724,https://www.stat.go.jp/data/roudou/rireki/tsuki/pdf/202205.pdf,READY_FIRST_RELEASE
2022-07-29,08:30,Asia/Tokyo,2022-07-29T08:30:00+09:00,2022-06,2.6,6736,https://www.stat.go.jp/data/roudou/rireki/tsuki/pdf/202206.pdf,READY_FIRST_RELEASE
2022-08-30,08:30,Asia/Tokyo,2022-08-30T08:30:00+09:00,2022-07,2.6,6734,https://www.stat.go.jp/data/roudou/rireki/tsuki/pdf/202207.pdf,READY_FIRST_RELEASE
2022-09-30,08:30,Asia/Tokyo,2022-09-30T08:30:00+09:00,2022-08,2.5,6730,https://www.stat.go.jp/data/roudou/rireki/tsuki/pdf/202208.pdf,READY_FIRST_RELEASE
2022-10-28,08:30,Asia/Tokyo,2022-10-28T08:30:00+09:00,2022-09,2.6,6743,https://www.stat.go.jp/data/roudou/rireki/tsuki/pdf/202209.pdf,READY_FIRST_RELEASE
2022-11-29,08:30,Asia/Tokyo,2022-11-29T08:30:00+09:00,2022-10,2.6,6736,https://www.stat.go.jp/data/roudou/rireki/tsuki/pdf/202210.pdf,READY_FIRST_RELEASE
2022-12-27,08:30,Asia/Tokyo,2022-12-27T08:30:00+09:00,2022-11,2.5,6713,https://www.stat.go.jp/data/roudou/rireki/tsuki/pdf/202211.pdf,READY_FIRST_RELEASE
2023-01-31,08:30,Asia/Tokyo,2023-01-31T08:30:00+09:00,2022-12,2.5,6719,https://www.stat.go.jp/data/roudou/rireki/tsuki/pdf/202212.pdf,READY_FIRST_RELEASE
2023-03-03,08:30,Asia/Tokyo,2023-03-03T08:30:00+09:00,2023-01,2.4,6744,https://www.stat.go.jp/data/roudou/rireki/tsuki/pdf/202301.pdf,READY_FIRST_RELEASE
2023-03-31,08:30,Asia/Tokyo,2023-03-31T08:30:00+09:00,2023-02,2.6,6714,https://www.stat.go.jp/data/roudou/rireki/tsuki/pdf/202302.pdf,READY_FIRST_RELEASE
2023-04-28,08:30,Asia/Tokyo,2023-04-28T08:30:00+09:00,2023-03,2.8,6731,https://www.stat.go.jp/data/roudou/rireki/tsuki/pdf/202303.pdf,READY_FIRST_RELEASE
2023-05-30,08:30,Asia/Tokyo,2023-05-30T08:30:00+09:00,2023-04,2.6,6744,https://www.stat.go.jp/data/roudou/rireki/tsuki/pdf/202304.pdf,READY_FIRST_RELEASE
2023-06-30,08:30,Asia/Tokyo,2023-06-30T08:30:00+09:00,2023-05,2.6,6736,https://www.stat.go.jp/data/roudou/rireki/tsuki/pdf/202305.pdf,READY_FIRST_RELEASE
2023-08-01,08:30,Asia/Tokyo,2023-08-01T08:30:00+09:00,2023-06,2.5,6755,https://www.stat.go.jp/data/roudou/rireki/tsuki/pdf/202306.pdf,READY_FIRST_RELEASE
2023-08-29,08:30,Asia/Tokyo,2023-08-29T08:30:00+09:00,2023-07,2.7,6745,https://www.stat.go.jp/data/roudou/rireki/tsuki/pdf/202307.pdf,READY_FIRST_RELEASE
