reference_month,release_date,release_time_jst,availability_timestamp_jst,private_core_orders_sa_mom_pct,source_result_url_en,source_result_url_jp,pit_status
2018-01,2018-03-14,08:50,2018-03-14T08:50:00+09:00,8.2,https://www.esri.cao.go.jp/en/stat/juchu/1801juchu-e.html,https://www.esri.cao.go.jp/jp/stat/juchu/1801juchu.html,READY_FIRST_RELEASE
2018-02,2018-04-11,08:50,2018-04-11T08:50:00+09:00,2.1,https://www.esri.cao.go.jp/en/stat/juchu/1802juchu-e.html,https://www.esri.cao.go.jp/jp/stat/juchu/1802juchu.html,READY_FIRST_RELEASE
2018-03,2018-05-17,08:50,2018-05-17T08:50:00+09:00,-3.9,https://www.esri.cao.go.jp/en/stat/juchu/1803juchu-e.html,https://www.esri.cao.go.jp/jp/stat/juchu/1803juchu.html,READY_FIRST_RELEASE
2018-04,2018-06-11,08:50,2018-06-11T08:50:00+09:00,10.1,https://www.esri.cao.go.jp/en/stat/juchu/1804juchu-e.html,https://www.esri.cao.go.jp/jp/stat/juchu/1804juchu.html,READY_FIRST_RELEASE
2018-05,2018-07-11,08:50,2018-07-11T08:50:00+09:00,-3.7,https://www.esri.cao.go.jp/en/stat/juchu/1805juchu-e.html,https://www.esri.cao.go.jp/jp/stat/juchu/1805juchu.html,READY_FIRST_RELEASE
2018-06,2018-08-09,08:50,2018-08-09T08:50:00+09:00,-8.8,https://www.esri.cao.go.jp/en/stat/juchu/1806juchu-e.html,https://www.esri.cao.go.jp/jp/stat/juchu/1806juchu.html,READY_FIRST_RELEASE
2018-07,2018-09-13,08:50,2018-09-13T08:50:00+09:00,11.0,https://www.esri.cao.go.jp/en/stat/juchu/1807juchu-e.html,https://www.esri.cao.go.jp/jp/stat/juchu/1807juchu.html,READY_FIRST_RELEASE
2018-08,2018-10-10,08:50,2018-10-10T08:50:00+09:00,6.8,https://www.esri.cao.go.jp/en/stat/juchu/1808juchu-e.html,https://www.esri.cao.go.jp/jp/stat/juchu/1808juchu.html,READY_FIRST_RELEASE
2018-09,2018-11-08,08:50,2018-11-08T08:50:00+09:00,-18.3,https://www.esri.cao.go.jp/en/stat/juchu/1809juchu-e.html,https://www.esri.cao.go.jp/jp/stat/juchu/1809juchu.html,READY_FIRST_RELEASE
2018-10,2018-12-12,08:50,2018-12-12T08:50:00+09:00,7.6,https://www.esri.cao.go.jp/en/stat/juchu/1810juchu-e.html,https://www.esri.cao.go.jp/jp/stat/juchu/1810juchu.html,READY_FIRST_RELEASE
2018-11,2019-01-16,08:50,2019-01-16T08:50:00+09:00,-0.0,https://www.esri.cao.go.jp/en/stat/juchu/1811juchu-e.html,https://www.esri.cao.go.jp/jp/stat/juchu/1811juchu.html,READY_FIRST_RELEASE
2018-12,2019-02-18,08:50,2019-02-18T08:50:00+09:00,-0.1,https://www.esri.cao.go.jp/en/stat/juchu/1812juchu-e.html,https://www.esri.cao.go.jp/jp/stat/juchu/1812juchu.html,READY_FIRST_RELEASE
2019-01,2019-03-13,08:50,2019-03-13T08:50:00+09:00,-5.4,https://www.esri.cao.go.jp/en/stat/juchu/1901juchu-e.html,https://www.esri.cao.go.jp/jp/stat/juchu/1901juchu.html,READY_FIRST_RELEASE
2019-02,2019-04-10,08:50,2019-04-10T08:50:00+09:00,1.8,https://www.esri.cao.go.jp/en/stat/juchu/1902juchu-e.html,https://www.esri.cao.go.jp/jp/stat/juchu/1902juchu.html,READY_FIRST_RELEASE
2019-03,2019-05-22,08:50,2019-05-22T08:50:00+09:00,3.8,https://www.esri.cao.go.jp/en/stat/juchu/1903juchu-e.html,https://www.esri.cao.go.jp/jp/stat/juchu/1903juchu.html,READY_FIRST_RELEASE
2019-04,2019-06-12,08:50,2019-06-12T08:50:00+09:00,5.2,https://www.esri.cao.go.jp/en/stat/juchu/1904juchu-e.html,https://www.esri.cao.go.jp/jp/stat/juchu/1904juchu.html,READY_FIRST_RELEASE
2019-05,2019-07-08,08:50,2019-07-08T08:50:00+09:00,-7.8,https://www.esri.cao.go.jp/en/stat/juchu/1905juchu-e.html,https://www.esri.cao.go.jp/jp/stat/juchu/1905juchu.html,READY_FIRST_RELEASE
2019-06,2019-08-14,08:50,2019-08-14T08:50:00+09:00,13.9,https://www.esri.cao.go.jp/en/stat/juchu/1906juchu-e.html,https://www.esri.cao.go.jp/jp/stat/juchu/1906juchu.html,READY_FIRST_RELEASE
2019-07,2019-09-12,08:50,2019-09-12T08:50:00+09:00,-6.6,https://www.esri.cao.go.jp/en/stat/juchu/1907juchu-e.html,https://www.esri.cao.go.jp/jp/stat/juchu/1907juchu.html,READY_FIRST_RELEASE
2019-08,2019-10-10,08:50,2019-10-10T08:50:00+09:00,-2.4,https://www.esri.cao.go.jp/en/stat/juchu/1908juchu-e.html,https://www.esri.cao.go.jp/jp/stat/juchu/1908juchu.html,READY_FIRST_RELEASE
2019-09,2019-11-11,08:50,2019-11-11T08:50:00+09:00,-2.9,https://www.esri.cao.go.jp/en/stat/juchu/1909juchu-e.html,https://www.esri.cao.go.jp/jp/stat/juchu/1909juchu.html,READY_FIRST_RELEASE
2019-10,2019-12-12,08:50,2019-12-12T08:50:00+09:00,-6.0,https://www.esri.cao.go.jp/en/stat/juchu/1910juchu-e.html,https://www.esri.cao.go.jp/jp/stat/juchu/1910juchu.html,READY_FIRST_RELEASE
2019-11,2020-01-16,08:50,2020-01-16T08:50:00+09:00,18.0,https://www.esri.cao.go.jp/en/stat/juchu/1911juchu-e.html,https://www.esri.cao.go.jp/jp/stat/juchu/1911juchu.html,READY_FIRST_RELEASE
2019-12,2020-02-19,08:50,2020-02-19T08:50:00+09:00,-12.5,https://www.esri.cao.go.jp/en/stat/juchu/1912juchu-e.html,https://www.esri.cao.go.jp/jp/stat/juchu/1912juchu.html,READY_FIRST_RELEASE
2020-01,2020-03-16,08:50,2020-03-16T08:50:00+09:00,2.9,https://www.esri.cao.go.jp/en/stat/juchu/2020/2001juchu-e.html,https://www.esri.cao.go.jp/jp/stat/juchu/2020/2001juchu.html,READY_FIRST_RELEASE
2020-02,2020-04-08,08:50,2020-04-08T08:50:00+09:00,2.3,https://www.esri.cao.go.jp/en/stat/juchu/2020/2002juchu-e.html,https://www.esri.cao.go.jp/jp/stat/juchu/2020/2002juchu.html,READY_FIRST_RELEASE
2020-03,2020-05-20,08:50,2020-05-20T08:50:00+09:00,-0.4,https://www.esri.cao.go.jp/en/stat/juchu/2020/2003juchu-e.html,https://www.esri.cao.go.jp/jp/stat/juchu/2020/2003juchu.html,READY_FIRST_RELEASE
2020-04,2020-06-10,08:50,2020-06-10T08:50:00+09:00,-12.0,https://www.esri.cao.go.jp/en/stat/juchu/2020/2004juchu-e.html,https://www.esri.cao.go.jp/jp/stat/juchu/2020/2004juchu.html,READY_FIRST_RELEASE
2020-05,2020-07-09,08:50,2020-07-09T08:50:00+09:00,1.7,https://www.esri.cao.go.jp/en/stat/juchu/2020/2005juchu-e.html,https://www.esri.cao.go.jp/jp/stat/juchu/2020/2005juchu.html,READY_FIRST_RELEASE
2020-06,2020-08-19,08:50,2020-08-19T08:50:00+09:00,-7.6,https://www.esri.cao.go.jp/en/stat/juchu/2020/2006juchu-e.html,https://www.esri.cao.go.jp/jp/stat/juchu/2020/2006juchu.html,READY_FIRST_RELEASE
2020-07,2020-09-10,08:50,2020-09-10T08:50:00+09:00,6.3,https://www.esri.cao.go.jp/en/stat/juchu/2020/2007juchu-e.html,https://www.esri.cao.go.jp/jp/stat/juchu/2020/2007juchu.html,READY_FIRST_RELEASE
2020-08,2020-10-12,08:50,2020-10-12T08:50:00+09:00,0.2,https://www.esri.cao.go.jp/en/stat/juchu/2020/2008juchu-e.html,https://www.esri.cao.go.jp/jp/stat/juchu/2020/2008juchu.html,READY_FIRST_RELEASE
2020-09,2020-11-12,08:50,2020-11-12T08:50:00+09:00,-4.4,https://www.esri.cao.go.jp/en/stat/juchu/2020/2009juchu-e.html,https://www.esri.cao.go.jp/jp/stat/juchu/2020/2009juchu.html,READY_FIRST_RELEASE
2020-10,2020-12-09,08:50,2020-12-09T08:50:00+09:00,17.1,https://www.esri.cao.go.jp/en/stat/juchu/2020/2010juchu-e.html,https://www.esri.cao.go.jp/jp/stat/juchu/2020/2010juchu.html,READY_FIRST_RELEASE
2020-11,2021-01-14,08:50,2021-01-14T08:50:00+09:00,1.5,https://www.esri.cao.go.jp/en/stat/juchu/2020/2011juchu-e.html,https://www.esri.cao.go.jp/jp/stat/juchu/2020/2011juchu.html,READY_FIRST_RELEASE
2020-12,2021-02-17,08:50,2021-02-17T08:50:00+09:00,5.2,https://www.esri.cao.go.jp/en/stat/juchu/2020/2012juchu-e.html,https://www.esri.cao.go.jp/jp/stat/juchu/2020/2012juchu.html,READY_FIRST_RELEASE
2021-01,2021-03-15,08:50,2021-03-15T08:50:00+09:00,-4.5,https://www.esri.cao.go.jp/en/stat/juchu/2021/2101juchu-e.html,https://www.esri.cao.go.jp/jp/stat/juchu/2021/2101juchu.html,READY_FIRST_RELEASE
2021-02,2021-04-14,08:50,2021-04-14T08:50:00+09:00,-8.5,https://www.esri.cao.go.jp/en/stat/juchu/2021/2102juchu-e.html,https://www.esri.cao.go.jp/jp/stat/juchu/2021/2102juchu.html,READY_FIRST_RELEASE
2021-03,2021-05-20,08:50,2021-05-20T08:50:00+09:00,3.7,https://www.esri.cao.go.jp/en/stat/juchu/2021/2103juchu-e.html,https://www.esri.cao.go.jp/jp/stat/juchu/2021/2103juchu.html,READY_FIRST_RELEASE
2021-04,2021-06-16,08:50,2021-06-16T08:50:00+09:00,0.6,https://www.esri.cao.go.jp/en/stat/juchu/2021/2104juchu-e.html,https://www.esri.cao.go.jp/jp/stat/juchu/2021/2104juchu.html,READY_FIRST_RELEASE
2021-05,2021-07-12,08:50,2021-07-12T08:50:00+09:00,7.8,https://www.esri.cao.go.jp/en/stat/juchu/2021/2105juchu-e.html,https://www.esri.cao.go.jp/jp/stat/juchu/2021/2105juchu.html,READY_FIRST_RELEASE
2021-06,2021-08-18,08:50,2021-08-18T08:50:00+09:00,-1.5,https://www.esri.cao.go.jp/en/stat/juchu/2021/2106juchu-e.html,https://www.esri.cao.go.jp/jp/stat/juchu/2021/2106juchu.html,READY_FIRST_RELEASE
2021-07,2021-09-15,08:50,2021-09-15T08:50:00+09:00,0.9,https://www.esri.cao.go.jp/en/stat/juchu/2021/2107juchu-e.html,https://www.esri.cao.go.jp/jp/stat/juchu/2021/2107juchu.html,READY_FIRST_RELEASE
2021-08,2021-10-13,08:50,2021-10-13T08:50:00+09:00,-2.4,https://www.esri.cao.go.jp/en/stat/juchu/2021/2108juchu-e.html,https://www.esri.cao.go.jp/jp/stat/juchu/2021/2108juchu.html,READY_FIRST_RELEASE
2021-09,2021-11-17,08:50,2021-11-17T08:50:00+09:00,-0.0,https://www.esri.cao.go.jp/en/stat/juchu/2021/2109juchu-e.html,https://www.esri.cao.go.jp/jp/stat/juchu/2021/2109juchu.html,READY_FIRST_RELEASE
2021-10,2021-12-13,08:50,2021-12-13T08:50:00+09:00,3.8,https://www.esri.cao.go.jp/en/stat/juchu/2021/2110juchu-e.html,https://www.esri.cao.go.jp/jp/stat/juchu/2021/2110juchu.html,READY_FIRST_RELEASE
2021-11,2022-01-17,08:50,2022-01-17T08:50:00+09:00,3.4,https://www.esri.cao.go.jp/en/stat/juchu/2021/2111juchu-e.html,https://www.esri.cao.go.jp/jp/stat/juchu/2021/2111juchu.html,READY_FIRST_RELEASE
2021-12,2022-02-17,08:50,2022-02-17T08:50:00+09:00,3.6,https://www.esri.cao.go.jp/en/stat/juchu/2021/2112juchu-e.html,https://www.esri.cao.go.jp/jp/stat/juchu/2021/2112juchu.html,READY_FIRST_RELEASE
2022-01,2022-03-17,08:50,2022-03-17T08:50:00+09:00,-2.0,https://www.esri.cao.go.jp/en/stat/juchu/2022/2201juchu-e.html,https://www.esri.cao.go.jp/jp/stat/juchu/2022/2201juchu.html,READY_FIRST_RELEASE
2022-02,2022-04-13,08:50,2022-04-13T08:50:00+09:00,-9.8,https://www.esri.cao.go.jp/en/stat/juchu/2022/2202juchu-e.html,https://www.esri.cao.go.jp/jp/stat/juchu/2022/2202juchu.html,READY_FIRST_RELEASE
2022-03,2022-05-19,08:50,2022-05-19T08:50:00+09:00,7.1,https://www.esri.cao.go.jp/en/stat/juchu/2022/2203juchu-e.html,https://www.esri.cao.go.jp/jp/stat/juchu/2022/2203juchu.html,READY_FIRST_RELEASE
2022-04,2022-06-15,08:50,2022-06-15T08:50:00+09:00,10.8,https://www.esri.cao.go.jp/en/stat/juchu/2022/2204juchu-e.html,https://www.esri.cao.go.jp/jp/stat/juchu/2022/2204juchu.html,READY_FIRST_RELEASE
2022-05,2022-07-11,08:50,2022-07-11T08:50:00+09:00,-5.6,https://www.esri.cao.go.jp/en/stat/juchu/2022/2205juchu-e.html,https://www.esri.cao.go.jp/jp/stat/juchu/2022/2205juchu.html,READY_FIRST_RELEASE
2022-06,2022-08-17,08:50,2022-08-17T08:50:00+09:00,0.9,https://www.esri.cao.go.jp/en/stat/juchu/2022/2206juchu-e.html,https://www.esri.cao.go.jp/jp/stat/juchu/2022/2206juchu.html,READY_FIRST_RELEASE
2022-07,2022-09-14,08:50,2022-09-14T08:50:00+09:00,5.3,https://www.esri.cao.go.jp/en/stat/juchu/2022/2207juchu-e.html,https://www.esri.cao.go.jp/jp/stat/juchu/2022/2207juchu.html,READY_FIRST_RELEASE
2022-08,2022-10-12,08:50,2022-10-12T08:50:00+09:00,-5.8,https://www.esri.cao.go.jp/en/stat/juchu/2022/2208juchu-e.html,https://www.esri.cao.go.jp/jp/stat/juchu/2022/2208juchu.html,READY_FIRST_RELEASE
2022-09,2022-11-16,08:50,2022-11-16T08:50:00+09:00,-4.6,https://www.esri.cao.go.jp/en/stat/juchu/2022/2209juchu-e.html,https://www.esri.cao.go.jp/jp/stat/juchu/2022/2209juchu.html,READY_FIRST_RELEASE
2022-10,2022-12-14,08:50,2022-12-14T08:50:00+09:00,5.4,https://www.esri.cao.go.jp/en/stat/juchu/2022/2210juchu-e.html,https://www.esri.cao.go.jp/jp/stat/juchu/2022/2210juchu.html,READY_FIRST_RELEASE
2022-11,2023-01-18,08:50,2023-01-18T08:50:00+09:00,-8.3,https://www.esri.cao.go.jp/en/stat/juchu/2022/2211juchu-e.html,https://www.esri.cao.go.jp/jp/stat/juchu/2022/2211juchu.html,READY_FIRST_RELEASE
2022-12,2023-02-16,08:50,2023-02-16T08:50:00+09:00,1.6,https://www.esri.cao.go.jp/en/stat/juchu/2022/2212juchu-e.html,https://www.esri.cao.go.jp/jp/stat/juchu/2022/2212juchu.html,READY_FIRST_RELEASE
2023-01,2023-03-16,08:50,2023-03-16T08:50:00+09:00,9.5,https://www.esri.cao.go.jp/en/stat/juchu/2023/2301juchu-e.html,https://www.esri.cao.go.jp/jp/stat/juchu/2023/2301juchu.html,READY_FIRST_RELEASE
2023-02,2023-04-12,08:50,2023-04-12T08:50:00+09:00,-4.5,https://www.esri.cao.go.jp/en/stat/juchu/2023/2302juchu-e.html,https://www.esri.cao.go.jp/jp/stat/juchu/2023/2302juchu.html,READY_FIRST_RELEASE
2023-03,2023-05-22,08:50,2023-05-22T08:50:00+09:00,-3.9,https://www.esri.cao.go.jp/en/stat/juchu/2023/2303juchu-e.html,https://www.esri.cao.go.jp/jp/stat/juchu/2023/2303juchu.html,READY_FIRST_RELEASE
2023-04,2023-06-15,08:50,2023-06-15T08:50:00+09:00,5.5,https://www.esri.cao.go.jp/en/stat/juchu/2023/2304juchu-e.html,https://www.esri.cao.go.jp/jp/stat/juchu/2023/2304juchu.html,READY_FIRST_RELEASE
2023-05,2023-07-12,08:50,2023-07-12T08:50:00+09:00,-7.6,https://www.esri.cao.go.jp/en/stat/juchu/2023/2305juchu-e.html,https://www.esri.cao.go.jp/jp/stat/juchu/2023/2305juchu.html,READY_FIRST_RELEASE
2023-06,2023-08-17,08:50,2023-08-17T08:50:00+09:00,2.7,https://www.esri.cao.go.jp/en/stat/juchu/2023/2306juchu-e.html,https://www.esri.cao.go.jp/jp/stat/juchu/2023/2306juchu.html,READY_FIRST_RELEASE
2023-07,2023-09-14,08:50,2023-09-14T08:50:00+09:00,-1.1,https://www.esri.cao.go.jp/en/stat/juchu/2023/2307juchu-e.html,https://www.esri.cao.go.jp/jp/stat/juchu/2023/2307juchu.html,READY_FIRST_RELEASE
