reference_month,release_date,pit_status,document_url,document_sha256,headline_cpi_yoy_pct,core_cpi_yoy_pct,cpi_base,source_agency,source_document_type,release_date_source,headline_extraction_method,core_extraction_method
2018-01,2018-02-23,GREEN_FIRST_RELEASE,https://www.e-stat.go.jp/stat-search/file-download?statInfId=000031673550&fileKind=2,0a9c93729376eb105b4486f900b1c9f8ecc5763d4cdd2bf14a67f6f8e5cdd4a2,1.4,0.9,2015,Statistics Bureau of Japan / e-Stat,National CPI first-release result overview,e-Stat month-specific dataset metadata,OVERVIEW_NUMBERED_ITEM,OVERVIEW_NUMBERED_ITEM
2018-02,2018-03-23,GREEN_FIRST_RELEASE,https://www.e-stat.go.jp/stat-search/file-download?statInfId=000031681970&fileKind=2,272866e5f374155566d66129da82ceb7852da53b277d0dde201ae831fc4e0349,1.5,1.0,2015,Statistics Bureau of Japan / e-Stat,National CPI first-release result overview,e-Stat month-specific dataset metadata,OVERVIEW_NUMBERED_ITEM,OVERVIEW_NUMBERED_ITEM
2018-03,2018-04-20,GREEN_FIRST_RELEASE,https://www.e-stat.go.jp/stat-search/file-download?statInfId=000031692702&fileKind=2,feb810539917addc190718d65f9cd3d8d8104c21430715d6dd55dae4fb0221a5,1.1,0.9,2015,Statistics Bureau of Japan / e-Stat,National CPI first-release result overview,e-Stat month-specific dataset metadata,OVERVIEW_NUMBERED_ITEM,OVERVIEW_NUMBERED_ITEM
2018-04,2018-05-18,GREEN_FIRST_RELEASE,https://www.e-stat.go.jp/stat-search/file-download?statInfId=000031700376&fileKind=2,64be947dd1fbaf6082178764c56d03d101db1c6a1645eef5732a6b21d11d5ee9,0.6,0.7,2015,Statistics Bureau of Japan / e-Stat,National CPI first-release result overview,e-Stat month-specific dataset metadata,OVERVIEW_NUMBERED_ITEM,OVERVIEW_NUMBERED_ITEM
2018-05,2018-06-22,GREEN_FIRST_RELEASE,https://www.e-stat.go.jp/stat-search/file-download?statInfId=000031706011&fileKind=2,4c1118694456855e27b483bdceef011cb7d3e6bc86ac81b4608a6e95d0f61e87,0.7,0.0,2015,Statistics Bureau of Japan / e-Stat,National CPI first-release result overview,e-Stat month-specific dataset metadata,OVERVIEW_NUMBERED_ITEM,OVERVIEW_NUMBERED_ITEM
2018-06,2018-07-20,GREEN_FIRST_RELEASE,https://www.e-stat.go.jp/stat-search/file-download?statInfId=000031737243&fileKind=2,25a30576192f0f9c5378b40de53a90b931417193000d6cf906d0e846a9216b82,0.7,0.8,2015,Statistics Bureau of Japan / e-Stat,National CPI first-release result overview,e-Stat month-specific dataset metadata,OVERVIEW_NUMBERED_ITEM,OVERVIEW_NUMBERED_ITEM
2018-07,2018-08-24,GREEN_FIRST_RELEASE,https://www.e-stat.go.jp/stat-search/file-download?statInfId=000031741340&fileKind=2,79095095b1774c20d0e324e09458277b7097e2291f3e020fa888a77e75e8f458,0.9,0.8,2015,Statistics Bureau of Japan / e-Stat,National CPI first-release result overview,e-Stat month-specific dataset metadata,OVERVIEW_NUMBERED_ITEM,OVERVIEW_NUMBERED_ITEM
2018-08,2018-09-21,GREEN_FIRST_RELEASE,https://www.e-stat.go.jp/stat-search/file-download?statInfId=000031753015&fileKind=2,f98ac967ac482dfbc03e9969a66f6f5a4040f0b26539b934b49b5ad3e62307d4,1.3,0.9,2015,Statistics Bureau of Japan / e-Stat,National CPI first-release result overview,e-Stat month-specific dataset metadata,OVERVIEW_NUMBERED_ITEM,OVERVIEW_NUMBERED_ITEM
2018-09,2018-10-19,GREEN_FIRST_RELEASE,https://www.e-stat.go.jp/stat-search/file-download?statInfId=000031759756&fileKind=2,06f47bb42f72a63a5bbba62c9b2119afb6cc5070318a5cea8e8351deb90abbea,0.0,1.0,2015,Statistics Bureau of Japan / e-Stat,National CPI first-release result overview,e-Stat month-specific dataset metadata,OVERVIEW_NUMBERED_ITEM,OVERVIEW_NUMBERED_ITEM
2018-10,2018-11-22,GREEN_FIRST_RELEASE,https://www.e-stat.go.jp/stat-search/file-download?statInfId=000031766056&fileKind=2,f2f269478455aadebcb34f499796a8e81becd25221931b3f5f15a3f4c8c4aae1,1.4,1.0,2015,Statistics Bureau of Japan / e-Stat,National CPI first-release result overview,e-Stat month-specific dataset metadata,OVERVIEW_NUMBERED_ITEM,OVERVIEW_NUMBERED_ITEM
2018-11,2018-12-21,GREEN_FIRST_RELEASE,https://www.e-stat.go.jp/stat-search/file-download?statInfId=000031775776&fileKind=2,12ed75dae959238f3082cdfbe6970b5c424181d6e14fe605f21fe5d3b272a9d4,0.8,0.0,2015,Statistics Bureau of Japan / e-Stat,National CPI first-release result overview,e-Stat month-specific dataset metadata,OVERVIEW_NUMBERED_ITEM,OVERVIEW_NUMBERED_ITEM
2018-12,2019-01-18,GREEN_FIRST_RELEASE,https://www.e-stat.go.jp/stat-search/file-download?statInfId=000031785196&fileKind=2,480443d8ee3cce995b488e45945616c56dfd5d99b307bd2f281a36070efe0c45,0.3,0.7,2015,Statistics Bureau of Japan / e-Stat,National CPI first-release result overview,e-Stat month-specific dataset metadata,OVERVIEW_NUMBERED_ITEM,OVERVIEW_NUMBERED_ITEM
2019-01,2019-02-22,GREEN_FIRST_RELEASE,https://www.e-stat.go.jp/stat-search/file-download?statInfId=000031798517&fileKind=2,18ba4a97b3d02c4a4e957193a64385e9686659159e80d7b525c6886334ec1878,0.2,0.8,2015,Statistics Bureau of Japan / e-Stat,National CPI first-release result overview,e-Stat month-specific dataset metadata,OVERVIEW_NUMBERED_ITEM,OVERVIEW_NUMBERED_ITEM
2019-02,2019-03-22,GREEN_FIRST_RELEASE,https://www.e-stat.go.jp/stat-search/file-download?statInfId=000031807196&fileKind=2,c88dc004843f71620514fb73ed3b701e3c520edf9c3ea66f744c8e39d84a8315,0.0,0.7,2015,Statistics Bureau of Japan / e-Stat,National CPI first-release result overview,e-Stat month-specific dataset metadata,OVERVIEW_NUMBERED_ITEM,OVERVIEW_NUMBERED_ITEM
2019-03,2019-04-19,GREEN_FIRST_RELEASE,https://www.e-stat.go.jp/stat-search/file-download?statInfId=000031819496&fileKind=2,49d6dc19745cd11f8aec77e32ea3b094db61e96dfaba8ab4acb8eb1abcecd48c,0.5,0.8,2015,Statistics Bureau of Japan / e-Stat,National CPI first-release result overview,e-Stat month-specific dataset metadata,SCOPED_NARRATIVE_SENTENCE,SCOPED_NARRATIVE_SENTENCE
2019-04,2019-05-24,GREEN_FIRST_RELEASE,https://www.e-stat.go.jp/stat-search/file-download?statInfId=000031826956&fileKind=2,83c3cf4869ba8802423415131a58fbdcff147e812c097fa93c16d24b9333d6cf,0.9,0.9,2015,Statistics Bureau of Japan / e-Stat,National CPI first-release result overview,e-Stat month-specific dataset metadata,OVERVIEW_NUMBERED_ITEM,OVERVIEW_NUMBERED_ITEM
2019-05,2019-06-21,GREEN_FIRST_RELEASE,https://www.e-stat.go.jp/stat-search/file-download?statInfId=000031834426&fileKind=2,0435e127eb1904cb5e85daa34894ced09780971e1cfeec287ac38b8b85619d59,0.0,0.8,2015,Statistics Bureau of Japan / e-Stat,National CPI first-release result overview,e-Stat month-specific dataset metadata,OVERVIEW_NUMBERED_ITEM,OVERVIEW_NUMBERED_ITEM
2019-06,2019-07-19,GREEN_FIRST_RELEASE,https://www.e-stat.go.jp/stat-search/file-download?statInfId=000031843735&fileKind=2,1d9ac2f7de01afd8ebaf696e63b9e1734d180cb5f52e54732532788914b1227e,0.0,0.6,2015,Statistics Bureau of Japan / e-Stat,National CPI first-release result overview,e-Stat month-specific dataset metadata,OVERVIEW_NUMBERED_ITEM,OVERVIEW_NUMBERED_ITEM
2019-07,2019-08-23,GREEN_FIRST_RELEASE,https://www.e-stat.go.jp/stat-search/file-download?statInfId=000031852818&fileKind=2,741df72b58e4aba1cc80ac5cacfa4723cfe2dc6ae0fb26eb9ab7e2fad8d3839c,0.5,0.6,2015,Statistics Bureau of Japan / e-Stat,National CPI first-release result overview,e-Stat month-specific dataset metadata,OVERVIEW_NUMBERED_ITEM,OVERVIEW_NUMBERED_ITEM
2019-08,2019-09-20,GREEN_FIRST_RELEASE,https://www.e-stat.go.jp/stat-search/file-download?statInfId=000031861888&fileKind=2,e60e09a649aa826fee790cf98d6199c49725ed9277a53842611d2982bfb60c2c,0.0,0.5,2015,Statistics Bureau of Japan / e-Stat,National CPI first-release result overview,e-Stat month-specific dataset metadata,OVERVIEW_NUMBERED_ITEM,OVERVIEW_NUMBERED_ITEM
2019-09,2019-10-18,GREEN_FIRST_RELEASE,https://www.e-stat.go.jp/stat-search/file-download?statInfId=000031871404&fileKind=2,e366ec73e17c28f429a81e1bf30db1d4d83cffa19caa3ae0cd6906a0c3408d25,0.0,0.3,2015,Statistics Bureau of Japan / e-Stat,National CPI first-release result overview,e-Stat month-specific dataset metadata,OVERVIEW_NUMBERED_ITEM,OVERVIEW_NUMBERED_ITEM
2019-10,2019-11-22,GREEN_FIRST_RELEASE,https://www.e-stat.go.jp/stat-search/file-download?statInfId=000031878724&fileKind=2,4ae7dc5e61e6d7267d50014e4041a1c222ad43619aa2f86ac12b66254b2a02b5,0.0,0.4,2015,Statistics Bureau of Japan / e-Stat,National CPI first-release result overview,e-Stat month-specific dataset metadata,OVERVIEW_NUMBERED_ITEM,OVERVIEW_NUMBERED_ITEM
2019-11,2019-12-20,GREEN_FIRST_RELEASE,https://www.e-stat.go.jp/stat-search/file-download?statInfId=000031887994&fileKind=2,d2c688608d6d8d04410f540579ca3c26b79e1a51076709ccaaaf2b08160ef570,0.5,0.5,2015,Statistics Bureau of Japan / e-Stat,National CPI first-release result overview,e-Stat month-specific dataset metadata,OVERVIEW_NUMBERED_ITEM,OVERVIEW_NUMBERED_ITEM
2019-12,2020-01-24,GREEN_FIRST_RELEASE,https://www.e-stat.go.jp/stat-search/file-download?statInfId=000031904210&fileKind=2,5456b67970ccbaf45f2127753c17cbdb6f1ca72a87a0d3baa123f394e06308c4,0.8,0.7,2015,Statistics Bureau of Japan / e-Stat,National CPI first-release result overview,e-Stat month-specific dataset metadata,OVERVIEW_NUMBERED_ITEM,OVERVIEW_NUMBERED_ITEM
2020-01,2020-02-21,GREEN_FIRST_RELEASE,https://www.e-stat.go.jp/stat-search/file-download?statInfId=000031911463&fileKind=2,a119823eab07e44f2ffde1d771abaf5b18a843c97f157d7b17ae482e85727603,0.0,0.8,2015,Statistics Bureau of Japan / e-Stat,National CPI first-release result overview,e-Stat month-specific dataset metadata,OVERVIEW_NUMBERED_ITEM,OVERVIEW_NUMBERED_ITEM
2020-02,2020-03-19,GREEN_FIRST_RELEASE,https://www.e-stat.go.jp/stat-search/file-download?statInfId=000031919410&fileKind=2,30c52eba62330c201db4032887eca41744b78c5a62b9cc4fdc5dbf6aac793be6,0.4,0.6,2015,Statistics Bureau of Japan / e-Stat,National CPI first-release result overview,e-Stat month-specific dataset metadata,OVERVIEW_NUMBERED_ITEM,OVERVIEW_NUMBERED_ITEM
2020-03,2020-04-24,GREEN_FIRST_RELEASE,https://www.e-stat.go.jp/stat-search/file-download?statInfId=000031932757&fileKind=2,4fc6b9456e65a3f5aa426d8910431d6cb0555ebe76ad8fcc5c17c6ec7250bd49,0.0,0.4,2015,Statistics Bureau of Japan / e-Stat,National CPI first-release result overview,e-Stat month-specific dataset metadata,OVERVIEW_NUMBERED_ITEM,OVERVIEW_NUMBERED_ITEM
2020-04,2020-05-22,GREEN_FIRST_RELEASE,https://www.e-stat.go.jp/stat-search/file-download?statInfId=000031946830&fileKind=2,bfd5bac3c70ecec27056f9cafea3e9efb75a3c09b1618f6176bfd5fc92ee0350,0.1,-0.2,2015,Statistics Bureau of Japan / e-Stat,National CPI first-release result overview,e-Stat month-specific dataset metadata,OVERVIEW_NUMBERED_ITEM,OVERVIEW_NUMBERED_ITEM
2020-05,2020-06-19,GREEN_FIRST_RELEASE,https://www.e-stat.go.jp/stat-search/file-download?statInfId=000031954960&fileKind=2,f85bb0dfb533da64e22d57f416dfcce7fc7dd15aa8ae52ae0222ca956b4831c4,0.0,0.0,2015,Statistics Bureau of Japan / e-Stat,National CPI first-release result overview,e-Stat month-specific dataset metadata,OVERVIEW_NUMBERED_ITEM,OVERVIEW_NUMBERED_ITEM
2020-06,2020-07-21,GREEN_FIRST_RELEASE,https://www.e-stat.go.jp/stat-search/file-download?statInfId=000031962450&fileKind=2,a9bfe81cc5f7a6426c5d04c45f238788f7d91e997f55d7b945970023adcf0b7a,0.1,0.0,2015,Statistics Bureau of Japan / e-Stat,National CPI first-release result overview,e-Stat month-specific dataset metadata,OVERVIEW_NUMBERED_ITEM,OVERVIEW_NUMBERED_ITEM
2020-07,2020-08-21,GREEN_FIRST_RELEASE,https://www.e-stat.go.jp/stat-search/file-download?statInfId=000031972510&fileKind=2,b2846366a8622cac3378b42dc284342be66a5943f740507f474174a13ae89a1f,0.3,0.0,2015,Statistics Bureau of Japan / e-Stat,National CPI first-release result overview,e-Stat month-specific dataset metadata,OVERVIEW_NUMBERED_ITEM,OVERVIEW_NUMBERED_ITEM
2020-08,2020-09-18,GREEN_FIRST_RELEASE,https://www.e-stat.go.jp/stat-search/file-download?statInfId=000031978676&fileKind=2,e74f74ee9d728f7b860349d538d35d664c730dfea6eeb5c4d54ce9cda7aaf1f2,0.2,-0.4,2015,Statistics Bureau of Japan / e-Stat,National CPI first-release result overview,e-Stat month-specific dataset metadata,OVERVIEW_NUMBERED_ITEM,OVERVIEW_NUMBERED_ITEM
2020-09,2020-10-23,GREEN_FIRST_RELEASE,https://www.e-stat.go.jp/stat-search/file-download?statInfId=000032009436&fileKind=2,2e5babd9fd490d4751019bde4622f9168284bcd858f22f965c3a44773bff6dd0,0.0,-0.3,2015,Statistics Bureau of Japan / e-Stat,National CPI first-release result overview,e-Stat month-specific dataset metadata,OVERVIEW_NUMBERED_ITEM,OVERVIEW_NUMBERED_ITEM
2020-10,2020-11-20,GREEN_FIRST_RELEASE,https://www.e-stat.go.jp/stat-search/file-download?statInfId=000032021310&fileKind=2,b68d71198b9218fa8178aaf6439ced2eab4c1089ad1eefbfe023215f912c7c74,-0.4,-0.7,2015,Statistics Bureau of Japan / e-Stat,National CPI first-release result overview,e-Stat month-specific dataset metadata,OVERVIEW_NUMBERED_ITEM,OVERVIEW_NUMBERED_ITEM
2020-11,2020-12-18,GREEN_FIRST_RELEASE,https://www.e-stat.go.jp/stat-search/file-download?statInfId=000032032680&fileKind=2,290450a4aebb103f665f5e9bedee3cee2ea87e5e914ddf1b3ebb5fcd1b13abb0,-0.9,-0.9,2015,Statistics Bureau of Japan / e-Stat,National CPI first-release result overview,e-Stat month-specific dataset metadata,OVERVIEW_NUMBERED_ITEM,OVERVIEW_NUMBERED_ITEM
2020-12,2021-01-22,GREEN_FIRST_RELEASE,https://www.e-stat.go.jp/stat-search/file-download?statInfId=000032042130&fileKind=2,1a2df47b7c931f7fd307bff0d387a76e36ee515a4e8623b1ddaaceda27301d71,-1.2,0.0,2015,Statistics Bureau of Japan / e-Stat,National CPI first-release result overview,e-Stat month-specific dataset metadata,OVERVIEW_NUMBERED_ITEM,OVERVIEW_NUMBERED_ITEM
2021-01,2021-02-19,GREEN_FIRST_RELEASE,https://www.e-stat.go.jp/stat-search/file-download?statInfId=000032051170&fileKind=2,a140597469434ed826f0d916c54843bd39b91161a0d275a50f07ada86f8325ff,-0.6,-0.6,2015,Statistics Bureau of Japan / e-Stat,National CPI first-release result overview,e-Stat month-specific dataset metadata,OVERVIEW_NUMBERED_ITEM,OVERVIEW_NUMBERED_ITEM
2021-02,2021-03-19,GREEN_FIRST_RELEASE,https://www.e-stat.go.jp/stat-search/file-download?statInfId=000032063210&fileKind=2,5c6e6df247387514b71bc1d459798cf6974b29b81747cc46ee4bb577718dd60f,-0.4,-0.4,2015,Statistics Bureau of Japan / e-Stat,National CPI first-release result overview,e-Stat month-specific dataset metadata,OVERVIEW_NUMBERED_ITEM,OVERVIEW_NUMBERED_ITEM
2021-03,2021-04-23,GREEN_FIRST_RELEASE,https://www.e-stat.go.jp/stat-search/file-download?statInfId=000032076961&fileKind=2,4f00126583226b02b9e5b8ca641091bfb150824d193641904a657987d3abee35,-0.2,-0.1,2015,Statistics Bureau of Japan / e-Stat,National CPI first-release result overview,e-Stat month-specific dataset metadata,OVERVIEW_NUMBERED_ITEM,OVERVIEW_NUMBERED_ITEM
2021-04,2021-05-21,GREEN_FIRST_RELEASE,https://www.e-stat.go.jp/stat-search/file-download?statInfId=000032087467&fileKind=2,23ca17a1f94f45218887cb4fc552d11dddf89300a32cec833f623951adf5f698,-0.4,-0.1,2015,Statistics Bureau of Japan / e-Stat,National CPI first-release result overview,e-Stat month-specific dataset metadata,OVERVIEW_NUMBERED_ITEM,OVERVIEW_NUMBERED_ITEM
2021-05,2021-06-18,GREEN_FIRST_RELEASE,https://www.e-stat.go.jp/stat-search/file-download?statInfId=000032093341&fileKind=2,f0dd6f790547eb2c3fe85923f6e957ab4a27c341ba8eb5072a02f6becccefa7c,-0.1,0.1,2015,Statistics Bureau of Japan / e-Stat,National CPI first-release result overview,e-Stat month-specific dataset metadata,OVERVIEW_NUMBERED_ITEM,OVERVIEW_NUMBERED_ITEM
2021-06,2021-07-20,GREEN_FIRST_RELEASE,https://www.e-stat.go.jp/stat-search/file-download?statInfId=000032102676&fileKind=2,62627f9daa17d9832637969f200b982c448ae3a5921a655296fa902a37cac261,0.2,0.2,2015,Statistics Bureau of Japan / e-Stat,National CPI first-release result overview,e-Stat month-specific dataset metadata,OVERVIEW_NUMBERED_ITEM,OVERVIEW_NUMBERED_ITEM
2021-07,2021-08-20,GREEN_FIRST_RELEASE,https://www.e-stat.go.jp/stat-search/file-download?statInfId=000032111520&fileKind=2,b221f91f90d4a7323a18bebb7034deb53693c1df4af32ee094fc85dd4e770d97,-0.3,-0.2,2020,Statistics Bureau of Japan / e-Stat,National CPI first-release result overview,e-Stat month-specific dataset metadata,OVERVIEW_NUMBERED_ITEM,OVERVIEW_NUMBERED_ITEM
2021-08,2021-09-24,GREEN_FIRST_RELEASE,https://www.e-stat.go.jp/stat-search/file-download?statInfId=000032117579&fileKind=2,ff928fac7c81c9a488a274d522152456e37d33ce53b283f154bde8e264d1d4fc,-0.4,0.0,2020,Statistics Bureau of Japan / e-Stat,National CPI first-release result overview,e-Stat month-specific dataset metadata,OVERVIEW_NUMBERED_ITEM,OVERVIEW_NUMBERED_ITEM
2021-09,2021-10-22,GREEN_FIRST_RELEASE,https://www.e-stat.go.jp/stat-search/file-download?statInfId=000032126654&fileKind=2,9a90e16c469477c4e76e74b0b814ba4ee4b297b909fd0c95f63db880aeae461a,0.2,0.1,2020,Statistics Bureau of Japan / e-Stat,National CPI first-release result overview,e-Stat month-specific dataset metadata,OVERVIEW_NUMBERED_ITEM,OVERVIEW_NUMBERED_ITEM
2021-10,2021-11-19,GREEN_FIRST_RELEASE,https://www.e-stat.go.jp/stat-search/file-download?statInfId=000032136874&fileKind=2,ba027f6fb2a0f34f744f48155f5396d983481180e25c6d7f49c354edf7d32d2c,0.1,0.1,2020,Statistics Bureau of Japan / e-Stat,National CPI first-release result overview,e-Stat month-specific dataset metadata,OVERVIEW_NUMBERED_ITEM,OVERVIEW_NUMBERED_ITEM
2021-11,2021-12-24,GREEN_FIRST_RELEASE,https://www.e-stat.go.jp/stat-search/file-download?statInfId=000032147774&fileKind=2,2f149d6c3ddc2bf91a58af70389ef2395da529fbb37a6eb39788924edb3905f9,0.6,0.5,2020,Statistics Bureau of Japan / e-Stat,National CPI first-release result overview,e-Stat month-specific dataset metadata,OVERVIEW_NUMBERED_ITEM,OVERVIEW_NUMBERED_ITEM
2021-12,2022-01-21,GREEN_FIRST_RELEASE,https://www.e-stat.go.jp/stat-search/file-download?statInfId=000032160821&fileKind=2,76ba7503d76bb693d1c44eb6a48b63b582d5f95ec499f305d920d1c9851f4f3d,0.8,0.5,2020,Statistics Bureau of Japan / e-Stat,National CPI first-release result overview,e-Stat month-specific dataset metadata,OVERVIEW_NUMBERED_ITEM,OVERVIEW_NUMBERED_ITEM
2022-01,2022-02-18,GREEN_FIRST_RELEASE,https://www.e-stat.go.jp/stat-search/file-download?statInfId=000032166985&fileKind=2,3229d2bb9858e991aea500ffd449b60a2c8d27ff33354ef4c1272bb59863496a,0.5,0.0,2020,Statistics Bureau of Japan / e-Stat,National CPI first-release result overview,e-Stat month-specific dataset metadata,OVERVIEW_NUMBERED_ITEM,OVERVIEW_NUMBERED_ITEM
2022-02,2022-03-18,GREEN_FIRST_RELEASE,https://www.e-stat.go.jp/stat-search/file-download?statInfId=000032177056&fileKind=2,295f33d0d22fe5a859034e4d401c216b94994ca6ac245fa8a1a16dabf9c8e5d7,0.9,0.6,2020,Statistics Bureau of Japan / e-Stat,National CPI first-release result overview,e-Stat month-specific dataset metadata,OVERVIEW_NUMBERED_ITEM,OVERVIEW_NUMBERED_ITEM
2022-03,2022-04-22,GREEN_FIRST_RELEASE,https://www.e-stat.go.jp/stat-search/file-download?statInfId=000032190725&fileKind=2,6142a80bedd658b1564724e96b6fc0843dd5f7b689161a0786abdf467e4f8245,1.2,0.8,2020,Statistics Bureau of Japan / e-Stat,National CPI first-release result overview,e-Stat month-specific dataset metadata,OVERVIEW_NUMBERED_ITEM,OVERVIEW_NUMBERED_ITEM
2022-04,2022-05-20,GREEN_FIRST_RELEASE,https://www.e-stat.go.jp/stat-search/file-download?statInfId=000032197257&fileKind=2,2a553001dcc7c55e61e3cb47b76ca0e0e276c84626dde032e992fbb63a65d73f,2.5,2.1,2020,Statistics Bureau of Japan / e-Stat,National CPI first-release result overview,e-Stat month-specific dataset metadata,OVERVIEW_NUMBERED_ITEM,OVERVIEW_NUMBERED_ITEM
2022-05,2022-06-24,GREEN_FIRST_RELEASE,https://www.e-stat.go.jp/stat-search/file-download?statInfId=000032206234&fileKind=2,166bed5d3d7b275401a9965587e67a6c825e23aaa377cbb1806fbef20bf69632,2.5,2.1,2020,Statistics Bureau of Japan / e-Stat,National CPI first-release result overview,e-Stat month-specific dataset metadata,OVERVIEW_NUMBERED_ITEM,OVERVIEW_NUMBERED_ITEM
2022-06,2022-07-22,GREEN_FIRST_RELEASE,https://www.e-stat.go.jp/stat-search/file-download?statInfId=000032213934&fileKind=2,db6dc44203c4f5f8edfd70846b713f0848e1280abd94c6e985caf332504ccec8,2.4,2.2,2020,Statistics Bureau of Japan / e-Stat,National CPI first-release result overview,e-Stat month-specific dataset metadata,OVERVIEW_NUMBERED_ITEM,OVERVIEW_NUMBERED_ITEM
2022-07,2022-08-19,GREEN_FIRST_RELEASE,https://www.e-stat.go.jp/stat-search/file-download?statInfId=000032225474&fileKind=2,ea6f997207df9461f99a035ec2ff725decea95d766c9d3b5d8c84d823b6c3deb,2.6,2.4,2020,Statistics Bureau of Japan / e-Stat,National CPI first-release result overview,e-Stat month-specific dataset metadata,OVERVIEW_NUMBERED_ITEM,OVERVIEW_NUMBERED_ITEM
2022-08,2022-09-20,GREEN_FIRST_RELEASE,https://www.e-stat.go.jp/stat-search/file-download?statInfId=000032232694&fileKind=2,6f3d7231a9f78a80a477c112d3e6bd3164d1bfe132e80b01e1788e71c2491a49,3.0,2.8,2020,Statistics Bureau of Japan / e-Stat,National CPI first-release result overview,e-Stat month-specific dataset metadata,OVERVIEW_NUMBERED_ITEM,OVERVIEW_NUMBERED_ITEM
2022-09,2022-10-21,GREEN_FIRST_RELEASE,https://www.e-stat.go.jp/stat-search/file-download?statInfId=000032246534&fileKind=2,a160be5cb22cfdd806b8eb2b0fa7fe430239f8ef177f518d387a591904d430e7,3.0,3.0,2020,Statistics Bureau of Japan / e-Stat,National CPI first-release result overview,e-Stat month-specific dataset metadata,OVERVIEW_NUMBERED_ITEM,OVERVIEW_NUMBERED_ITEM
2022-10,2022-11-18,GREEN_FIRST_RELEASE,https://www.e-stat.go.jp/stat-search/file-download?statInfId=000032253054&fileKind=2,7f73e9c4b2f296ba30d9da15e8c4ecb214fa5f5b74536e4ad300f6ad303785b7,3.7,3.6,2020,Statistics Bureau of Japan / e-Stat,National CPI first-release result overview,e-Stat month-specific dataset metadata,OVERVIEW_NUMBERED_ITEM,OVERVIEW_NUMBERED_ITEM
2022-11,2022-12-23,GREEN_FIRST_RELEASE,https://www.e-stat.go.jp/stat-search/file-download?statInfId=000032261374&fileKind=2,7ac033b1174b29a0104378f4095ad5e5dd09ec75446af494fa071107048a90bc,3.8,3.7,2020,Statistics Bureau of Japan / e-Stat,National CPI first-release result overview,e-Stat month-specific dataset metadata,OVERVIEW_NUMBERED_ITEM,OVERVIEW_NUMBERED_ITEM
2022-12,2023-01-20,GREEN_FIRST_RELEASE,https://www.e-stat.go.jp/stat-search/file-download?statInfId=000040002026&fileKind=2,a3875bee5f9e973d2bbf71db4f0e085f76674f8290158335893f0a23daf618b4,4.0,4.0,2020,Statistics Bureau of Japan / e-Stat,National CPI first-release result overview,e-Stat month-specific dataset metadata,OVERVIEW_NUMBERED_ITEM,OVERVIEW_NUMBERED_ITEM
2023-01,2023-02-24,GREEN_FIRST_RELEASE,https://www.e-stat.go.jp/stat-search/file-download?statInfId=000040015002&fileKind=2,e42f92a6f66ac68829876e16fbb7a9c4d04707a2d8d2599ec08696a7c9241fae,4.3,4.2,2020,Statistics Bureau of Japan / e-Stat,National CPI first-release result overview,e-Stat month-specific dataset metadata,OVERVIEW_NUMBERED_ITEM,OVERVIEW_NUMBERED_ITEM
2023-02,2023-03-24,GREEN_FIRST_RELEASE,https://www.e-stat.go.jp/stat-search/file-download?statInfId=000040028220&fileKind=2,ac8cb70d9939c1eb64e9035f79865110729fd962b77a420b069f0e1593ab9347,3.3,3.1,2020,Statistics Bureau of Japan / e-Stat,National CPI first-release result overview,e-Stat month-specific dataset metadata,OVERVIEW_NUMBERED_ITEM,OVERVIEW_NUMBERED_ITEM
2023-03,2023-04-21,GREEN_FIRST_RELEASE,https://www.e-stat.go.jp/stat-search/file-download?statInfId=000040046674&fileKind=2,2d2eecebc2911b3d8b948c7b8103927757af4e8859e3f9bc1306f22c833c4e1e,3.2,3.1,2020,Statistics Bureau of Japan / e-Stat,National CPI first-release result overview,e-Stat month-specific dataset metadata,OVERVIEW_NUMBERED_ITEM,OVERVIEW_NUMBERED_ITEM
2023-04,2023-05-19,GREEN_FIRST_RELEASE,https://www.e-stat.go.jp/stat-search/file-download?statInfId=000040054020&fileKind=2,eb7ba6400475d7a225d4aabd2bc129c70447fcac26a6c100877900fe3f5817b0,3.5,3.4,2020,Statistics Bureau of Japan / e-Stat,National CPI first-release result overview,e-Stat month-specific dataset metadata,OVERVIEW_NUMBERED_ITEM,OVERVIEW_NUMBERED_ITEM
2023-05,2023-06-23,GREEN_FIRST_RELEASE,https://www.e-stat.go.jp/stat-search/file-download?statInfId=000040066020&fileKind=2,074e260f528757ee382728bb9bb16ddadb5023ca05bf9a877f2a5d26b2b783d2,0.0,0.0,2020,Statistics Bureau of Japan / e-Stat,National CPI first-release result overview,e-Stat month-specific dataset metadata,OVERVIEW_NUMBERED_ITEM,OVERVIEW_NUMBERED_ITEM
2023-06,2023-07-21,GREEN_FIRST_RELEASE,https://www.e-stat.go.jp/stat-search/file-download?statInfId=000040076884&fileKind=2,b228c9cb5caa4a34513d10b9c321654ab72b18af886bedbac843640c9f4bd870,3.3,3.3,2020,Statistics Bureau of Japan / e-Stat,National CPI first-release result overview,e-Stat month-specific dataset metadata,OVERVIEW_NUMBERED_ITEM,OVERVIEW_NUMBERED_ITEM
2023-07,2023-08-18,GREEN_FIRST_RELEASE,https://www.e-stat.go.jp/stat-search/file-download?statInfId=000040087883&fileKind=2,0d49201cf5aa661615308bc6ef77c54f6c3ac2117de46c213bb04117808619ff,3.3,3.1,2020,Statistics Bureau of Japan / e-Stat,National CPI first-release result overview,e-Stat month-specific dataset metadata,OVERVIEW_NUMBERED_ITEM,OVERVIEW_NUMBERED_ITEM
