release_date,release_time_et,reference_month,headline_cpi_yoy_pct,core_cpi_yoy_pct,source_url,pit_status
2016-02-19,08:30,2016-01,1.4,2.2,https://www.bls.gov/news.release/archives/cpi_02192016.htm,READY_FIRST_RELEASE
2016-03-16,08:30,2016-02,1.0,1.0,https://www.bls.gov/news.release/archives/cpi_03162016.htm,READY_FIRST_RELEASE
2016-04-14,08:30,2016-03,0.9,2.2,https://www.bls.gov/news.release/archives/cpi_04142016.htm,READY_FIRST_RELEASE
2016-05-17,08:30,2016-04,1.1,2.1,https://www.bls.gov/news.release/archives/cpi_05172016.htm,READY_FIRST_RELEASE
2016-06-16,08:30,2016-05,1.0,2.2,https://www.bls.gov/news.release/archives/cpi_06162016.htm,READY_FIRST_RELEASE
2016-07-15,08:30,2016-06,1.0,2.3,https://www.bls.gov/news.release/archives/cpi_07152016.htm,READY_FIRST_RELEASE
2016-08-16,08:30,2016-07,0.8,2.2,https://www.bls.gov/news.release/archives/cpi_08162016.htm,READY_FIRST_RELEASE
2016-09-16,08:30,2016-08,1.1,2.3,https://www.bls.gov/news.release/archives/cpi_09162016.htm,READY_FIRST_RELEASE
2016-10-18,08:30,2016-09,1.5,2.2,https://www.bls.gov/news.release/archives/cpi_10182016.htm,READY_FIRST_RELEASE
2016-11-17,08:30,2016-10,1.6,2.1,https://www.bls.gov/news.release/archives/cpi_11172016.htm,READY_FIRST_RELEASE
2016-12-15,08:30,2016-11,1.7,2.1,https://www.bls.gov/news.release/archives/cpi_12152016.htm,READY_FIRST_RELEASE
2017-01-18,08:30,2016-12,2.1,2.2,https://www.bls.gov/news.release/archives/cpi_01182017.htm,READY_FIRST_RELEASE
2017-02-15,08:30,2017-01,2.5,2.3,https://www.bls.gov/news.release/archives/cpi_02152017.htm,READY_FIRST_RELEASE
2017-03-15,08:30,2017-02,2.7,2.2,https://www.bls.gov/news.release/archives/cpi_03152017.htm,READY_FIRST_RELEASE
2017-04-14,08:30,2017-03,2.4,2.0,https://www.bls.gov/news.release/archives/cpi_04142017.htm,READY_FIRST_RELEASE
2017-05-12,08:30,2017-04,2.2,1.9,https://www.bls.gov/news.release/archives/cpi_05122017.htm,READY_FIRST_RELEASE
2017-06-14,08:30,2017-05,1.9,1.7,https://www.bls.gov/news.release/archives/cpi_06142017.htm,READY_FIRST_RELEASE
2017-07-14,08:30,2017-06,1.6,1.7,https://www.bls.gov/news.release/archives/cpi_07142017.htm,READY_FIRST_RELEASE
2017-08-11,08:30,2017-07,1.7,1.7,https://www.bls.gov/news.release/archives/cpi_08112017.htm,READY_FIRST_RELEASE
2017-09-14,08:30,2017-08,1.9,6.4,https://www.bls.gov/news.release/archives/cpi_09142017.htm,READY_FIRST_RELEASE
2017-10-13,08:30,2017-09,2.2,10.1,https://www.bls.gov/news.release/archives/cpi_10132017.htm,READY_FIRST_RELEASE
2017-11-15,08:30,2017-10,2.0,6.4,https://www.bls.gov/news.release/archives/cpi_11152017.htm,READY_FIRST_RELEASE
2017-12-13,08:30,2017-11,2.2,9.4,https://www.bls.gov/news.release/archives/cpi_12132017.htm,READY_FIRST_RELEASE
2018-01-12,08:30,2017-12,2.1,1.8,https://www.bls.gov/news.release/archives/cpi_01122018.htm,READY_FIRST_RELEASE
2018-02-14,08:30,2018-01,2.1,8.5,https://www.bls.gov/news.release/archives/cpi_02142018.htm,READY_FIRST_RELEASE
2018-03-13,08:30,2018-02,2.2,1.8,https://www.bls.gov/news.release/archives/cpi_03132018.htm,READY_FIRST_RELEASE
2018-04-11,08:30,2018-03,2.4,7.0,https://www.bls.gov/news.release/archives/cpi_04112018.htm,READY_FIRST_RELEASE
2018-05-10,08:30,2018-04,2.5,2.1,https://www.bls.gov/news.release/archives/cpi_05102018.htm,READY_FIRST_RELEASE
2018-06-12,08:30,2018-05,2.8,2.2,https://www.bls.gov/news.release/archives/cpi_06122018.htm,READY_FIRST_RELEASE
2018-07-12,08:30,2018-06,2.9,2.3,https://www.bls.gov/news.release/archives/cpi_07122018.htm,READY_FIRST_RELEASE
2018-08-10,08:30,2018-07,2.9,1.4,https://www.bls.gov/news.release/archives/cpi_08102018.htm,READY_FIRST_RELEASE
2018-09-13,08:30,2018-08,2.7,1.4,https://www.bls.gov/news.release/archives/cpi_09132018.htm,READY_FIRST_RELEASE
2018-10-11,08:30,2018-09,2.3,2.2,https://www.bls.gov/news.release/archives/cpi_10112018.htm,READY_FIRST_RELEASE
2018-11-14,08:30,2018-10,2.5,2.1,https://www.bls.gov/news.release/archives/cpi_11142018.htm,READY_FIRST_RELEASE
2018-12-12,08:30,2018-11,2.2,1.4,https://www.bls.gov/news.release/archives/cpi_12122018.htm,READY_FIRST_RELEASE
2019-01-11,08:30,2018-12,1.9,2.2,https://www.bls.gov/news.release/archives/cpi_01112019.htm,READY_FIRST_RELEASE
2019-02-13,08:30,2019-01,1.6,2.2,https://www.bls.gov/news.release/archives/cpi_02132019.htm,READY_FIRST_RELEASE
2019-03-12,08:30,2019-02,1.5,2.1,https://www.bls.gov/news.release/archives/cpi_03122019.htm,READY_FIRST_RELEASE
2019-04-10,08:30,2019-03,1.9,2.0,https://www.bls.gov/news.release/archives/cpi_04102019.htm,READY_FIRST_RELEASE
2019-05-10,08:30,2019-04,2.0,2.1,https://www.bls.gov/news.release/archives/cpi_05102019.htm,READY_FIRST_RELEASE
2019-06-12,08:30,2019-05,1.8,2.0,https://www.bls.gov/news.release/archives/cpi_06122019.htm,READY_FIRST_RELEASE
2019-07-11,08:30,2019-06,1.6,2.1,https://www.bls.gov/news.release/archives/cpi_07112019.htm,READY_FIRST_RELEASE
2019-08-13,08:30,2019-07,1.8,2.2,https://www.bls.gov/news.release/archives/cpi_08132019.htm,READY_FIRST_RELEASE
2019-09-12,08:30,2019-08,1.7,2.4,https://www.bls.gov/news.release/archives/cpi_09122019.htm,READY_FIRST_RELEASE
2019-10-10,08:30,2019-09,1.7,2.4,https://www.bls.gov/news.release/archives/cpi_10102019.htm,READY_FIRST_RELEASE
2019-11-13,08:30,2019-10,1.8,2.3,https://www.bls.gov/news.release/archives/cpi_11132019.htm,READY_FIRST_RELEASE
2019-12-11,08:30,2019-11,2.1,2.3,https://www.bls.gov/news.release/archives/cpi_12112019.htm,READY_FIRST_RELEASE
2020-01-14,08:30,2019-12,2.3,2.3,https://www.bls.gov/news.release/archives/cpi_01142020.htm,READY_FIRST_RELEASE
2020-02-13,08:30,2020-01,2.5,2.3,https://www.bls.gov/news.release/archives/cpi_02132020.htm,READY_FIRST_RELEASE
2020-03-11,08:30,2020-02,2.3,2.4,https://www.bls.gov/news.release/archives/cpi_03112020.htm,READY_FIRST_RELEASE
2020-04-10,08:30,2020-03,1.5,2.1,https://www.bls.gov/news.release/archives/cpi_04102020.htm,READY_FIRST_RELEASE
2020-05-12,08:30,2020-04,0.3,1.4,https://www.bls.gov/news.release/archives/cpi_05122020.htm,READY_FIRST_RELEASE
2020-06-10,08:30,2020-05,0.1,1.2,https://www.bls.gov/news.release/archives/cpi_06102020.htm,READY_FIRST_RELEASE
2020-07-14,08:30,2020-06,0.6,1.2,https://www.bls.gov/news.release/archives/cpi_07142020.htm,READY_FIRST_RELEASE
2020-08-12,08:30,2020-07,1.0,1.6,https://www.bls.gov/news.release/archives/cpi_08122020.htm,READY_FIRST_RELEASE
2020-09-11,08:30,2020-08,1.3,1.7,https://www.bls.gov/news.release/archives/cpi_09112020.htm,READY_FIRST_RELEASE
2020-10-13,08:30,2020-09,1.4,1.7,https://www.bls.gov/news.release/archives/cpi_10132020.htm,READY_FIRST_RELEASE
2020-11-12,08:30,2020-10,1.2,1.6,https://www.bls.gov/news.release/archives/cpi_11122020.htm,READY_FIRST_RELEASE
2020-12-10,08:30,2020-11,1.2,1.6,https://www.bls.gov/news.release/archives/cpi_12102020.htm,READY_FIRST_RELEASE
2021-01-13,08:30,2020-12,1.4,1.6,https://www.bls.gov/news.release/archives/cpi_01132021.htm,READY_FIRST_RELEASE
2021-02-10,08:30,2021-01,1.4,1.4,https://www.bls.gov/news.release/archives/cpi_02102021.htm,READY_FIRST_RELEASE
2021-03-10,08:30,2021-02,1.7,1.3,https://www.bls.gov/news.release/archives/cpi_03102021.htm,READY_FIRST_RELEASE
2021-04-13,08:30,2021-03,2.6,1.6,https://www.bls.gov/news.release/archives/cpi_04132021.htm,READY_FIRST_RELEASE
2021-05-12,08:30,2021-04,4.2,3.0,https://www.bls.gov/news.release/archives/cpi_05122021.htm,READY_FIRST_RELEASE
2021-06-10,08:30,2021-05,5.0,3.8,https://www.bls.gov/news.release/archives/cpi_06102021.htm,READY_FIRST_RELEASE
2021-07-13,08:30,2021-06,5.4,4.5,https://www.bls.gov/news.release/archives/cpi_07132021.htm,READY_FIRST_RELEASE
2021-08-11,08:30,2021-07,5.4,4.3,https://www.bls.gov/news.release/archives/cpi_08112021.htm,READY_FIRST_RELEASE
2021-09-14,08:30,2021-08,5.3,4.0,https://www.bls.gov/news.release/archives/cpi_09142021.htm,READY_FIRST_RELEASE
2021-10-13,08:30,2021-09,5.4,4.0,https://www.bls.gov/news.release/archives/cpi_10132021.htm,READY_FIRST_RELEASE
2021-11-10,08:30,2021-10,6.2,4.6,https://www.bls.gov/news.release/archives/cpi_11102021.htm,READY_FIRST_RELEASE
2021-12-10,08:30,2021-11,6.8,4.9,https://www.bls.gov/news.release/archives/cpi_12102021.htm,READY_FIRST_RELEASE
2022-01-12,08:30,2021-12,7.0,5.5,https://www.bls.gov/news.release/archives/cpi_01122022.htm,READY_FIRST_RELEASE
2022-02-10,08:30,2022-01,7.5,6.0,https://www.bls.gov/news.release/archives/cpi_02102022.htm,READY_FIRST_RELEASE
2022-03-10,08:30,2022-02,7.9,6.4,https://www.bls.gov/news.release/archives/cpi_03102022.htm,READY_FIRST_RELEASE
2022-04-12,08:30,2022-03,8.5,6.5,https://www.bls.gov/news.release/archives/cpi_04122022.htm,READY_FIRST_RELEASE
2022-05-11,08:30,2022-04,8.3,6.2,https://www.bls.gov/news.release/archives/cpi_05112022.htm,READY_FIRST_RELEASE
2022-06-10,08:30,2022-05,8.6,6.0,https://www.bls.gov/news.release/archives/cpi_06102022.htm,READY_FIRST_RELEASE
2022-07-13,08:30,2022-06,9.1,5.9,https://www.bls.gov/news.release/archives/cpi_07132022.htm,READY_FIRST_RELEASE
2022-08-10,08:30,2022-07,8.5,5.9,https://www.bls.gov/news.release/archives/cpi_08102022.htm,READY_FIRST_RELEASE
2022-09-13,08:30,2022-08,8.3,6.3,https://www.bls.gov/news.release/archives/cpi_09132022.htm,READY_FIRST_RELEASE
2022-10-13,08:30,2022-09,8.2,6.6,https://www.bls.gov/news.release/archives/cpi_10132022.htm,READY_FIRST_RELEASE
2022-11-10,08:30,2022-10,7.7,6.3,https://www.bls.gov/news.release/archives/cpi_11102022.htm,READY_FIRST_RELEASE
2022-12-13,08:30,2022-11,7.1,6.0,https://www.bls.gov/news.release/archives/cpi_12132022.htm,READY_FIRST_RELEASE
2023-01-12,08:30,2022-12,6.5,5.7,https://www.bls.gov/news.release/archives/cpi_01122023.htm,READY_FIRST_RELEASE
2023-02-14,08:30,2023-01,6.4,5.6,https://www.bls.gov/news.release/archives/cpi_02142023.htm,READY_FIRST_RELEASE
2023-03-14,08:30,2023-02,6.0,5.5,https://www.bls.gov/news.release/archives/cpi_03142023.htm,READY_FIRST_RELEASE
2023-04-12,08:30,2023-03,5.0,5.6,https://www.bls.gov/news.release/archives/cpi_04122023.htm,READY_FIRST_RELEASE
2023-05-10,08:30,2023-04,4.9,5.5,https://www.bls.gov/news.release/archives/cpi_05102023.htm,READY_FIRST_RELEASE
2023-06-13,08:30,2023-05,4.0,5.3,https://www.bls.gov/news.release/archives/cpi_06132023.htm,READY_FIRST_RELEASE
2023-07-12,08:30,2023-06,3.0,4.8,https://www.bls.gov/news.release/archives/cpi_07122023.htm,READY_FIRST_RELEASE
2023-08-10,08:30,2023-07,3.2,4.7,https://www.bls.gov/news.release/archives/cpi_08102023.htm,READY_FIRST_RELEASE
2023-09-13,08:30,2023-08,3.7,4.3,https://www.bls.gov/news.release/archives/cpi_09132023.htm,READY_FIRST_RELEASE
2023-10-12,08:30,2023-09,3.7,4.1,https://www.bls.gov/news.release/archives/cpi_10122023.htm,READY_FIRST_RELEASE
2023-11-14,08:30,2023-10,3.2,4.0,https://www.bls.gov/news.release/archives/cpi_11142023.htm,READY_FIRST_RELEASE
2023-12-12,08:30,2023-11,3.1,4.0,https://www.bls.gov/news.release/archives/cpi_12122023.htm,READY_FIRST_RELEASE
2024-01-11,08:30,2023-12,3.4,3.9,https://www.bls.gov/news.release/archives/cpi_01112024.htm,READY_FIRST_RELEASE
2024-02-13,08:30,2024-01,3.1,3.9,https://www.bls.gov/news.release/archives/cpi_02132024.htm,READY_FIRST_RELEASE
2024-03-12,08:30,2024-02,3.2,3.8,https://www.bls.gov/news.release/archives/cpi_03122024.htm,READY_FIRST_RELEASE
2024-04-10,08:30,2024-03,3.5,3.8,https://www.bls.gov/news.release/archives/cpi_04102024.htm,READY_FIRST_RELEASE
2024-05-15,08:30,2024-04,3.4,3.6,https://www.bls.gov/news.release/archives/cpi_05152024.htm,READY_FIRST_RELEASE
2024-06-12,08:30,2024-05,3.3,3.4,https://www.bls.gov/news.release/archives/cpi_06122024.htm,READY_FIRST_RELEASE
2024-07-11,08:30,2024-06,3.0,3.3,https://www.bls.gov/news.release/archives/cpi_07112024.htm,READY_FIRST_RELEASE
2024-08-14,08:30,2024-07,2.9,3.2,https://www.bls.gov/news.release/archives/cpi_08142024.htm,READY_FIRST_RELEASE
2024-09-11,08:30,2024-08,2.5,3.2,https://www.bls.gov/news.release/archives/cpi_09112024.htm,READY_FIRST_RELEASE
2024-10-10,08:30,2024-09,2.4,3.3,https://www.bls.gov/news.release/archives/cpi_10102024.htm,READY_FIRST_RELEASE
2024-11-13,08:30,2024-10,2.6,3.3,https://www.bls.gov/news.release/archives/cpi_11132024.htm,READY_FIRST_RELEASE
2024-12-11,08:30,2024-11,2.7,3.3,https://www.bls.gov/news.release/archives/cpi_12112024.htm,READY_FIRST_RELEASE
2025-01-15,08:30,2024-12,2.9,3.2,https://www.bls.gov/news.release/archives/cpi_01152025.htm,READY_FIRST_RELEASE
2025-02-12,08:30,2025-01,3.0,3.3,https://www.bls.gov/news.release/archives/cpi_02122025.htm,READY_FIRST_RELEASE
2025-03-12,08:30,2025-02,2.8,3.1,https://www.bls.gov/news.release/archives/cpi_03122025.htm,READY_FIRST_RELEASE
2025-04-10,08:30,2025-03,2.4,2.8,https://www.bls.gov/news.release/archives/cpi_04102025.htm,READY_FIRST_RELEASE
2025-05-13,08:30,2025-04,2.3,2.8,https://www.bls.gov/news.release/archives/cpi_05132025.htm,READY_FIRST_RELEASE
2025-06-11,08:30,2025-05,2.4,2.8,https://www.bls.gov/news.release/archives/cpi_06112025.htm,READY_FIRST_RELEASE
2025-07-15,08:30,2025-06,2.7,2.9,https://www.bls.gov/news.release/archives/cpi_07152025.htm,READY_FIRST_RELEASE
2025-08-12,08:30,2025-07,2.7,3.1,https://www.bls.gov/news.release/archives/cpi_08122025.htm,READY_FIRST_RELEASE
2025-09-11,08:30,2025-08,2.9,3.1,https://www.bls.gov/news.release/archives/cpi_09112025.htm,READY_FIRST_RELEASE
2025-10-24,08:30,2025-09,3.0,3.0,https://www.bls.gov/news.release/archives/cpi_10242025.htm,READY_FIRST_RELEASE
2025-12-18,08:30,2025-11,2.7,2.6,https://www.bls.gov/news.release/archives/cpi_12182025.htm,READY_FIRST_RELEASE
2026-01-13,08:30,2025-12,2.7,2.6,https://www.bls.gov/news.release/archives/cpi_01132026.htm,READY_FIRST_RELEASE
2026-02-13,08:30,2026-01,2.4,2.5,https://www.bls.gov/news.release/archives/cpi_02132026.htm,READY_FIRST_RELEASE
2026-03-11,08:30,2026-02,2.4,2.5,https://www.bls.gov/news.release/archives/cpi_03112026.htm,READY_FIRST_RELEASE
2026-04-10,08:30,2026-03,3.3,2.6,https://www.bls.gov/news.release/archives/cpi_04102026.htm,READY_FIRST_RELEASE
2026-05-12,08:30,2026-04,3.8,2.8,https://www.bls.gov/news.release/archives/cpi_05122026.htm,READY_FIRST_RELEASE
2026-06-10,08:30,2026-05,4.2,2.9,https://www.bls.gov/news.release/archives/cpi_06102026.htm,READY_FIRST_RELEASE
2026-07-14,08:30,2026-06,3.5,2.6,https://www.bls.gov/news.release/archives/cpi_07142026.htm,READY_FIRST_RELEASE
2026-08-12,08:30,2026-07,3.4,2.5,https://www.bls.gov/news.release/archives/cpi_08122026.htm,READY_FIRST_RELEASE
2026-09-11,08:30,2026-08,3.4,2.4,https://www.bls.gov/news.release/archives/cpi_09112026.htm,READY_FIRST_RELEASE
