release_date,release_time_et,reference_month,nfp_change_persons,unemployment_rate_pct,source_url,pit_status
2016-02-05,08:30,2016-01,151000,4.9,https://www.bls.gov/news.release/archives/empsit_02052016.htm,READY_FIRST_RELEASE
2016-03-04,08:30,2016-02,242000,4.9,https://www.bls.gov/news.release/archives/empsit_03042016.htm,READY_FIRST_RELEASE
2016-04-01,08:30,2016-03,215000,5.0,https://www.bls.gov/news.release/archives/empsit_04012016.htm,READY_FIRST_RELEASE
2016-05-06,08:30,2016-04,160000,5.0,https://www.bls.gov/news.release/archives/empsit_05062016.htm,READY_FIRST_RELEASE
2016-06-03,08:30,2016-05,38000,4.7,https://www.bls.gov/news.release/archives/empsit_06032016.htm,READY_FIRST_RELEASE
2016-07-08,08:30,2016-06,287000,4.9,https://www.bls.gov/news.release/archives/empsit_07082016.htm,READY_FIRST_RELEASE
2016-08-05,08:30,2016-07,255000,4.9,https://www.bls.gov/news.release/archives/empsit_08052016.htm,READY_FIRST_RELEASE
2016-09-02,08:30,2016-08,151000,4.9,https://www.bls.gov/news.release/archives/empsit_09022016.htm,READY_FIRST_RELEASE
2016-10-07,08:30,2016-09,156000,5.0,https://www.bls.gov/news.release/archives/empsit_10072016.htm,READY_FIRST_RELEASE
2016-11-04,08:30,2016-10,161000,4.9,https://www.bls.gov/news.release/archives/empsit_11042016.htm,READY_FIRST_RELEASE
2016-12-02,08:30,2016-11,178000,4.6,https://www.bls.gov/news.release/archives/empsit_12022016.htm,READY_FIRST_RELEASE
2017-01-06,08:30,2016-12,156000,4.7,https://www.bls.gov/news.release/archives/empsit_01062017.htm,READY_FIRST_RELEASE
2017-02-03,08:30,2017-01,227000,4.8,https://www.bls.gov/news.release/archives/empsit_02032017.htm,READY_FIRST_RELEASE
2017-03-10,08:30,2017-02,235000,4.7,https://www.bls.gov/news.release/archives/empsit_03102017.htm,READY_FIRST_RELEASE
2017-04-07,08:30,2017-03,98000,4.5,https://www.bls.gov/news.release/archives/empsit_04072017.htm,READY_FIRST_RELEASE
2017-05-05,08:30,2017-04,211000,4.4,https://www.bls.gov/news.release/archives/empsit_05052017.htm,READY_FIRST_RELEASE
2017-06-02,08:30,2017-05,138000,4.3,https://www.bls.gov/news.release/archives/empsit_06022017.htm,READY_FIRST_RELEASE
2017-07-07,08:30,2017-06,222000,4.4,https://www.bls.gov/news.release/archives/empsit_07072017.htm,READY_FIRST_RELEASE
2017-08-04,08:30,2017-07,209000,4.3,https://www.bls.gov/news.release/archives/empsit_08042017.htm,READY_FIRST_RELEASE
2017-09-01,08:30,2017-08,156000,4.4,https://www.bls.gov/news.release/archives/empsit_09012017.htm,READY_FIRST_RELEASE
2017-10-06,08:30,2017-09,-33000,4.2,https://www.bls.gov/news.release/archives/empsit_10062017.htm,READY_FIRST_RELEASE
2017-11-03,08:30,2017-10,261000,4.1,https://www.bls.gov/news.release/archives/empsit_11032017.htm,READY_FIRST_RELEASE
2017-12-08,08:30,2017-11,228000,4.1,https://www.bls.gov/news.release/archives/empsit_12082017.htm,READY_FIRST_RELEASE
2018-01-05,08:30,2017-12,148000,4.1,https://www.bls.gov/news.release/archives/empsit_01052018.htm,READY_FIRST_RELEASE
2018-02-02,08:30,2018-01,200000,4.1,https://www.bls.gov/news.release/archives/empsit_02022018.htm,READY_FIRST_RELEASE
2018-03-09,08:30,2018-02,313000,4.1,https://www.bls.gov/news.release/archives/empsit_03092018.htm,READY_FIRST_RELEASE
2018-04-06,08:30,2018-03,326000,4.1,https://www.bls.gov/news.release/archives/empsit_04062018.htm,READY_FIRST_RELEASE
2018-05-04,08:30,2018-04,164000,3.9,https://www.bls.gov/news.release/archives/empsit_05042018.htm,READY_FIRST_RELEASE
2018-06-01,08:30,2018-05,223000,3.8,https://www.bls.gov/news.release/archives/empsit_06012018.htm,READY_FIRST_RELEASE
2018-07-06,08:30,2018-06,213000,4.0,https://www.bls.gov/news.release/archives/empsit_07062018.htm,READY_FIRST_RELEASE
2018-08-03,08:30,2018-07,157000,3.9,https://www.bls.gov/news.release/archives/empsit_08032018.htm,READY_FIRST_RELEASE
2018-09-07,08:30,2018-08,201000,3.9,https://www.bls.gov/news.release/archives/empsit_09072018.htm,READY_FIRST_RELEASE
2018-10-05,08:30,2018-09,134000,3.7,https://www.bls.gov/news.release/archives/empsit_10052018.htm,READY_FIRST_RELEASE
2018-11-02,08:30,2018-10,250000,3.7,https://www.bls.gov/news.release/archives/empsit_11022018.htm,READY_FIRST_RELEASE
2018-12-07,08:30,2018-11,155000,3.7,https://www.bls.gov/news.release/archives/empsit_12072018.htm,READY_FIRST_RELEASE
2019-01-04,08:30,2018-12,312000,3.9,https://www.bls.gov/news.release/archives/empsit_01042019.htm,READY_FIRST_RELEASE
2019-02-01,08:30,2019-01,304000,4.0,https://www.bls.gov/news.release/archives/empsit_02012019.htm,READY_FIRST_RELEASE
2019-03-08,08:30,2019-02,20000,3.8,https://www.bls.gov/news.release/archives/empsit_03082019.htm,READY_FIRST_RELEASE
2019-04-05,08:30,2019-03,196000,3.8,https://www.bls.gov/news.release/archives/empsit_04052019.htm,READY_FIRST_RELEASE
2019-05-03,08:30,2019-04,263000,3.6,https://www.bls.gov/news.release/archives/empsit_05032019.htm,READY_FIRST_RELEASE
2019-06-07,08:30,2019-05,75000,3.6,https://www.bls.gov/news.release/archives/empsit_06072019.htm,READY_FIRST_RELEASE
2019-07-05,08:30,2019-06,224000,3.7,https://www.bls.gov/news.release/archives/empsit_07052019.htm,READY_FIRST_RELEASE
2019-08-02,08:30,2019-07,164000,3.7,https://www.bls.gov/news.release/archives/empsit_08022019.htm,READY_FIRST_RELEASE
2019-09-06,08:30,2019-08,130000,3.7,https://www.bls.gov/news.release/archives/empsit_09062019.htm,READY_FIRST_RELEASE
2019-10-04,08:30,2019-09,136000,3.5,https://www.bls.gov/news.release/archives/empsit_10042019.htm,READY_FIRST_RELEASE
2019-11-01,08:30,2019-10,128000,3.6,https://www.bls.gov/news.release/archives/empsit_11012019.htm,READY_FIRST_RELEASE
2019-12-06,08:30,2019-11,266000,3.5,https://www.bls.gov/news.release/archives/empsit_12062019.htm,READY_FIRST_RELEASE
2020-01-10,08:30,2019-12,145000,3.5,https://www.bls.gov/news.release/archives/empsit_01102020.htm,READY_FIRST_RELEASE
2020-02-07,08:30,2020-01,225000,3.6,https://www.bls.gov/news.release/archives/empsit_02072020.htm,READY_FIRST_RELEASE
2020-03-06,08:30,2020-02,273000,3.5,https://www.bls.gov/news.release/archives/empsit_03062020.htm,READY_FIRST_RELEASE
2020-04-03,08:30,2020-03,-701000,4.4,https://www.bls.gov/news.release/archives/empsit_04032020.htm,READY_FIRST_RELEASE
2020-05-08,08:30,2020-04,-20500000,14.7,https://www.bls.gov/news.release/archives/empsit_05082020.htm,READY_FIRST_RELEASE
2020-06-05,08:30,2020-05,2500000,13.3,https://www.bls.gov/news.release/archives/empsit_06052020.htm,READY_FIRST_RELEASE
2020-07-02,08:30,2020-06,4800000,11.1,https://www.bls.gov/news.release/archives/empsit_07022020.htm,READY_FIRST_RELEASE
2020-08-07,08:30,2020-07,1800000,10.2,https://www.bls.gov/news.release/archives/empsit_08072020.htm,READY_FIRST_RELEASE
2020-09-04,08:30,2020-08,1400000,8.4,https://www.bls.gov/news.release/archives/empsit_09042020.htm,READY_FIRST_RELEASE
2020-10-02,08:30,2020-09,661000,7.9,https://www.bls.gov/news.release/archives/empsit_10022020.htm,READY_FIRST_RELEASE
2020-11-06,08:30,2020-10,638000,6.9,https://www.bls.gov/news.release/archives/empsit_11062020.htm,READY_FIRST_RELEASE
2020-12-04,08:30,2020-11,245000,6.7,https://www.bls.gov/news.release/archives/empsit_12042020.htm,READY_FIRST_RELEASE
2021-01-08,08:30,2020-12,-140000,6.7,https://www.bls.gov/news.release/archives/empsit_01082021.htm,READY_FIRST_RELEASE
2021-02-05,08:30,2021-01,49000,6.3,https://www.bls.gov/news.release/archives/empsit_02052021.htm,READY_FIRST_RELEASE
2021-03-05,08:30,2021-02,379000,6.2,https://www.bls.gov/news.release/archives/empsit_03052021.htm,READY_FIRST_RELEASE
2021-04-02,08:30,2021-03,916000,6.0,https://www.bls.gov/news.release/archives/empsit_04022021.htm,READY_FIRST_RELEASE
2021-05-07,08:30,2021-04,266000,6.1,https://www.bls.gov/news.release/archives/empsit_05072021.htm,READY_FIRST_RELEASE
2021-06-04,08:30,2021-05,559000,5.8,https://www.bls.gov/news.release/archives/empsit_06042021.htm,READY_FIRST_RELEASE
2021-07-02,08:30,2021-06,850000,5.9,https://www.bls.gov/news.release/archives/empsit_07022021.htm,READY_FIRST_RELEASE
2021-08-06,08:30,2021-07,943000,5.4,https://www.bls.gov/news.release/archives/empsit_08062021.htm,READY_FIRST_RELEASE
2021-09-03,08:30,2021-08,235000,5.2,https://www.bls.gov/news.release/archives/empsit_09032021.htm,READY_FIRST_RELEASE
2021-10-08,08:30,2021-09,194000,4.8,https://www.bls.gov/news.release/archives/empsit_10082021.htm,READY_FIRST_RELEASE
2021-11-05,08:30,2021-10,531000,4.6,https://www.bls.gov/news.release/archives/empsit_11052021.htm,READY_FIRST_RELEASE
2021-12-03,08:30,2021-11,210000,4.2,https://www.bls.gov/news.release/archives/empsit_12032021.htm,READY_FIRST_RELEASE
2022-01-07,08:30,2021-12,199000,3.9,https://www.bls.gov/news.release/archives/empsit_01072022.htm,READY_FIRST_RELEASE
2022-02-04,08:30,2022-01,467000,4.0,https://www.bls.gov/news.release/archives/empsit_02042022.htm,READY_FIRST_RELEASE
2022-03-04,08:30,2022-02,678000,3.8,https://www.bls.gov/news.release/archives/empsit_03042022.htm,READY_FIRST_RELEASE
2022-04-01,08:30,2022-03,431000,3.6,https://www.bls.gov/news.release/archives/empsit_04012022.htm,READY_FIRST_RELEASE
2022-05-06,08:30,2022-04,428000,3.6,https://www.bls.gov/news.release/archives/empsit_05062022.htm,READY_FIRST_RELEASE
2022-06-03,08:30,2022-05,390000,3.6,https://www.bls.gov/news.release/archives/empsit_06032022.htm,READY_FIRST_RELEASE
2022-07-08,08:30,2022-06,372000,3.6,https://www.bls.gov/news.release/archives/empsit_07082022.htm,READY_FIRST_RELEASE
2022-08-05,08:30,2022-07,528000,3.5,https://www.bls.gov/news.release/archives/empsit_08052022.htm,READY_FIRST_RELEASE
2022-09-02,08:30,2022-08,315000,3.7,https://www.bls.gov/news.release/archives/empsit_09022022.htm,READY_FIRST_RELEASE
2022-10-07,08:30,2022-09,263000,3.5,https://www.bls.gov/news.release/archives/empsit_10072022.htm,READY_FIRST_RELEASE
2022-11-04,08:30,2022-10,261000,3.7,https://www.bls.gov/news.release/archives/empsit_11042022.htm,READY_FIRST_RELEASE
2022-12-02,08:30,2022-11,263000,3.7,https://www.bls.gov/news.release/archives/empsit_12022022.htm,READY_FIRST_RELEASE
2023-01-06,08:30,2022-12,223000,3.5,https://www.bls.gov/news.release/archives/empsit_01062023.htm,READY_FIRST_RELEASE
2023-02-03,08:30,2023-01,517000,3.4,https://www.bls.gov/news.release/archives/empsit_02032023.htm,READY_FIRST_RELEASE
2023-03-10,08:30,2023-02,311000,3.6,https://www.bls.gov/news.release/archives/empsit_03102023.htm,READY_FIRST_RELEASE
2023-04-07,08:30,2023-03,236000,3.5,https://www.bls.gov/news.release/archives/empsit_04072023.htm,READY_FIRST_RELEASE
2023-05-05,08:30,2023-04,253000,3.4,https://www.bls.gov/news.release/archives/empsit_05052023.htm,READY_FIRST_RELEASE
2023-06-02,08:30,2023-05,339000,3.7,https://www.bls.gov/news.release/archives/empsit_06022023.htm,READY_FIRST_RELEASE
2023-07-07,08:30,2023-06,209000,3.6,https://www.bls.gov/news.release/archives/empsit_07072023.htm,READY_FIRST_RELEASE
2023-08-04,08:30,2023-07,187000,3.5,https://www.bls.gov/news.release/archives/empsit_08042023.htm,READY_FIRST_RELEASE
2023-09-01,08:30,2023-08,187000,3.8,https://www.bls.gov/news.release/archives/empsit_09012023.htm,READY_FIRST_RELEASE
2023-10-06,08:30,2023-09,336000,3.8,https://www.bls.gov/news.release/archives/empsit_10062023.htm,READY_FIRST_RELEASE
2023-11-03,08:30,2023-10,150000,3.9,https://www.bls.gov/news.release/archives/empsit_11032023.htm,READY_FIRST_RELEASE
2023-12-08,08:30,2023-11,199000,3.7,https://www.bls.gov/news.release/archives/empsit_12082023.htm,READY_FIRST_RELEASE
2024-01-05,08:30,2023-12,216000,3.7,https://www.bls.gov/news.release/archives/empsit_01052024.htm,READY_FIRST_RELEASE
2024-02-02,08:30,2024-01,353000,3.7,https://www.bls.gov/news.release/archives/empsit_02022024.htm,READY_FIRST_RELEASE
2024-03-08,08:30,2024-02,275000,3.9,https://www.bls.gov/news.release/archives/empsit_03082024.htm,READY_FIRST_RELEASE
2024-04-05,08:30,2024-03,303000,3.8,https://www.bls.gov/news.release/archives/empsit_04052024.htm,READY_FIRST_RELEASE
2024-05-03,08:30,2024-04,175000,3.9,https://www.bls.gov/news.release/archives/empsit_05032024.htm,READY_FIRST_RELEASE
2024-06-07,08:30,2024-05,272000,4.0,https://www.bls.gov/news.release/archives/empsit_06072024.htm,READY_FIRST_RELEASE
2024-07-05,08:30,2024-06,206000,4.1,https://www.bls.gov/news.release/archives/empsit_07052024.htm,READY_FIRST_RELEASE
2024-08-02,08:30,2024-07,114000,4.3,https://www.bls.gov/news.release/archives/empsit_08022024.htm,READY_FIRST_RELEASE
2024-09-06,08:30,2024-08,142000,4.2,https://www.bls.gov/news.release/archives/empsit_09062024.htm,READY_FIRST_RELEASE
2024-10-04,08:30,2024-09,254000,4.1,https://www.bls.gov/news.release/archives/empsit_10042024.htm,READY_FIRST_RELEASE
2024-11-01,08:30,2024-10,12000,4.1,https://www.bls.gov/news.release/archives/empsit_11012024.htm,READY_FIRST_RELEASE
2024-12-06,08:30,2024-11,227000,4.2,https://www.bls.gov/news.release/archives/empsit_12062024.htm,READY_FIRST_RELEASE
2025-01-10,08:30,2024-12,256000,4.1,https://www.bls.gov/news.release/archives/empsit_01102025.htm,READY_FIRST_RELEASE
2025-02-07,08:30,2025-01,143000,4.0,https://www.bls.gov/news.release/archives/empsit_02072025.htm,READY_FIRST_RELEASE
2025-03-07,08:30,2025-02,151000,4.1,https://www.bls.gov/news.release/archives/empsit_03072025.htm,READY_FIRST_RELEASE
2025-04-04,08:30,2025-03,228000,4.2,https://www.bls.gov/news.release/archives/empsit_04042025.htm,READY_FIRST_RELEASE
2025-05-02,08:30,2025-04,177000,4.2,https://www.bls.gov/news.release/archives/empsit_05022025.htm,READY_FIRST_RELEASE
2025-06-06,08:30,2025-05,139000,4.2,https://www.bls.gov/news.release/archives/empsit_06062025.htm,READY_FIRST_RELEASE
2025-07-03,08:30,2025-06,147000,4.1,https://www.bls.gov/news.release/archives/empsit_07032025.htm,READY_FIRST_RELEASE
2025-08-01,08:30,2025-07,73000,4.2,https://www.bls.gov/news.release/archives/empsit_08012025.htm,READY_FIRST_RELEASE
2025-09-05,08:30,2025-08,22000,4.3,https://www.bls.gov/news.release/archives/empsit_09052025.htm,READY_FIRST_RELEASE
2025-11-20,08:30,2025-09,119000,4.4,https://www.bls.gov/news.release/archives/empsit_11202025.htm,READY_FIRST_RELEASE
2025-12-16,08:30,2025-11,64000,4.6,https://www.bls.gov/news.release/archives/empsit_12162025.htm,READY_FIRST_RELEASE
2026-01-09,08:30,2025-12,50000,4.4,https://www.bls.gov/news.release/archives/empsit_01092026.htm,READY_FIRST_RELEASE
2026-02-11,08:30,2026-01,130000,4.3,https://www.bls.gov/news.release/archives/empsit_02112026.htm,READY_FIRST_RELEASE
2026-03-06,08:30,2026-02,126000,4.4,https://www.bls.gov/news.release/archives/empsit_03062026.htm,READY_FIRST_RELEASE
2026-04-03,08:30,2026-03,178000,4.3,https://www.bls.gov/news.release/archives/empsit_04032026.htm,READY_FIRST_RELEASE
2026-05-08,08:30,2026-04,115000,4.3,https://www.bls.gov/news.release/archives/empsit_05082026.htm,READY_FIRST_RELEASE
2026-06-05,08:30,2026-05,172000,4.3,https://www.bls.gov/news.release/archives/empsit_06052026.htm,READY_FIRST_RELEASE
2026-07-02,08:30,2026-06,57000,4.2,https://www.bls.gov/news.release/archives/empsit_07022026.htm,READY_FIRST_RELEASE
2026-08-07,08:30,2026-07,-23000,4.1,https://www.bls.gov/news.release/archives/empsit_08072026.htm,READY_FIRST_RELEASE
2026-09-04,08:30,2026-08,162000,4.1,https://www.bls.gov/news.release/archives/empsit_09042026.htm,READY_FIRST_RELEASE
2026-10-02,08:30,2026-09,29000,4.2,https://www.bls.gov/news.release/archives/empsit_10022026.htm,READY_FIRST_RELEASE
